treeID,stemID,tag,StemTag,sp,quadrat,gx,gy,MeasureID,CensusID,dbh,pom,hom,ExactDate,DFstatus,codes,nostems,status,date
104,143,10009,10009,DACEXC,113,10.31,245.36,439947,5,193,1.4,1.4,15280,alive,MAIN;A,1,A,NA
119,158,100104,100104,MYRSPL,1021,182.89,410.15,466597,5,40.4,1.25,1.26,15376,alive,MAIN;A,1,A,NA
180,225,100171,100174,CASARB,921,164.61,409.5,466623,5,45,1.3,1.32,15373,alive,SPROUT;A,2,A,NA
602,736,100649,100649,GUAGUI,821,148.96,414.44,466727,5,33,1.3,1.3,15371,alive,MAIN;A,1,A,NA
631,775,10069,10069,PREMON,213,38.3,245.3,439989,5,140,1.25,1.24,15280,alive,MAIN;A,1,A,NA
647,793,100708,100708,SCHMOR,821,143.24,410.91,466743,5,246,1.25,1.25,15370,alive,MAIN;A,1,A,NA
1086,1339,10122,10122,DRYGLA,413,68.89,253.04,440021,5,176,1.45,1.45,15281,alive,MAIN;A,1,A,NA
1144,1410,101285,101285,SCHMOR,920,161.11,395.19,466889,5,74,1.3,1.3,15377,alive,MAIN;A,1,A,NA
1168,1438,10131,10131,DACEXC,413,70.58,251.94,440031,5,604,1.3,1.31,15281,alive,MAIN;A,1,A,NA
1380,114352,101560,149529,CASARB,820,141.86,385.8,466957,5,NA,NA,NA,15376,broken below,SPROUT;LS;B,2,A,NA
1564,1910,10176,10176,HOMRAC,513,99.78,255.44,440069,5,370,2.1,2.1,15282,alive,MAIN;A,1,A,NA
1652,2026,101867,101867,OCOLEU,720,131.15,383.83,467009,5,NA,NA,NA,15373,broken below,MAIN;A;LS;B,1,A,NA
1840,2240,10208,10208,PREMON,613,115.52,245.4,440098,5,161,1.3,1.3,15282,alive,MAIN;A,1,A,NA
2346,2856,102640,102640,SCHMOR,620,115.77,388.81,467145,5,73,1.3,1.3,15372,alive,MAIN;A,1,A,NA
2849,3421,103156,103156,CASARB,420,79.25,389.29,467249,5,59,1.3,1.3,15369,alive,MAIN;A,1,A,NA
2995,3577,103312,103312,MANBID,420,67.12,384.69,467281,5,42.1,1.3,1.3,15369,alive,MAIN;A,1,A,NA
3354,114750,103756,39879,CASARB,220,32.01,384.61,467393,5,92,1.3,1.3,15366,alive,SPROUT;A,2,A,NA
3405,114754,103819,144273,FAROCC,220,27.54,389.82,467414,5,25,1.3,1.3,15365,alive,SPROUT;A,4,A,NA
3442,4165,103873,103873,FAROCC,220,25.3,385.3,467436,5,49.8,1.3,1.3,15365,alive,MAIN;A,1,A,NA
3607,4378,10407,10407,CASSYL,1213,230.1,240.32,440246,5,132,1.5,1.5,15294,alive,MAIN;A,2,A,NA
3645,4426,104113,104113,SCHMOR,521,87.82,401.53,467502,5,296,1.3,1.3,15366,alive,MAIN;A,1,A,NA
3690,4486,10417,10417,PREMON,1213,237.29,250.12,440251,5,146,1.3,1.3,15295,alive,MAIN;A,1,A,NA
4183,5086,10472,10472,CASARB,1413,270.27,241.85,440292,5,162,1.25,1.23,15296,alive,MAIN;A,1,A,NA
4314,5252,104878,104878,PSESPU,122,16.06,427.12,467635,5,54,1.3,1.3,15363,alive,MAIN;A,1,A,NA
4329,5283,1049,1049,INGLAU,202,28.69,31.45,434700,5,359,2.3,2.3,15140,alive,MAIN;A;NP,1,A,NA
4361,5319,104932,104932,MANBID,120,2.47,382.46,467662,5,115,1.3,1.32,15365,alive,MAIN;A,1,A,NA
4449,5445,105065,105065,PSESPU,222,25.43,433.46,467745,5,47.6,1.3,1.3,15364,alive,MAIN;A,1,A,NA
4485,156167,105109,172645,PSESPU,222,37.75,434.65,467770,5,15,1.3,1.3,15364,alive,SPROUT;A,2,A,NA
4832,5905,10554,10554,MANBID,212,30.78,234.63,440357,5,148,1.5,1.48,15247,alive,MAIN;A,1,A,NA
5182,6312,105967,105967,PREMON,1222,221.96,420.46,468132,5,137,1.35,1.35,15380,alive,MAIN;A,1,A,NA
5632,6841,106479,106479,PREMON,1522,299.44,435.88,468222,5,172,1.3,1.3,15384,alive,MAIN;A,1,A,NA
5795,7049,10669,10669,PREMON,612,105.1,236.09,440455,5,170,1.2,1.2,15252,alive,MAIN;A,1,A,NA
6073,7372,10700,10700,PREMON,712,126.74,234.59,440480,5,168,1.3,1.3,15266,alive,MAIN;A,1,A,NA
6283,7636,10726,10726,CASSYL,812,148.64,233.96,440499,5,159,1.15,1.15,15272,alive,MAIN;A;NP,2,A,NA
6655,8116,10773,10773,PREMON,912,179.45,235.16,440535,5,190,1.3,1.3,15273,alive,MAIN;A,1,A,NA
6677,8147,107760,107760,CECSCH,1022,198.43,430.48,468472,5,NA,NA,NA,15377,broken below,MAIN;A;LS;B,1,A,NA
6932,8479,108069,108069,TRIPAL,922,161.52,438.41,468567,5,48.4,1.3,1.3,15376,alive,MAIN;A,1,A,NA
6986,8574,10815,10815,PREMON,1112,201.67,227.16,440577,5,174,1.4,1.4,15274,alive,MAIN;A,1,A,NA
7096,8709,10828,10828,PREMON,1112,208.83,233.35,440589,5,137,1.25,1.25,15274,alive,MAIN;A,1,A,NA
7269,115662,108495,156654,PALRIP,822,155.47,434.5,468655,5,38.3,1.3,1.3,15376,alive,SPROUT;A,3,A,NA
7389,115727,10866,137800,CASARB,1212,224.54,226.25,440616,5,25.6,1.3,1.3,15275,alive,SPROUT;A,3,A,NA
7624,160987,108958,175325,TRIPAL,722,138.68,425.26,486675,5,10.9,1.3,1.3,15371,alive,SPROUT;A,2,A,NA
7767,115859,109147,156303,CASARB,722,131.55,424.62,468815,5,39.5,1.3,1.3,15371,alive,SPROUT;A,3,A,NA
7832,9768,109231,109231,TETBAL,722,128.59,429.24,468817,5,319,1.15,1.15,15371,alive,MAIN;A,1,A,NA
7857,160988,109258,175320,OCOLEU,722,126.43,433.69,486676,5,10.7,1.3,1.3,15371,alive,SPROUT;A,2,A,NA
8055,10036,109482,109482,CECSCH,522,94.76,424.41,468874,5,165,1.3,1.3,15369,alive,MAIN;A,1,A,NA
8187,10181,10962,10962,PREMON,1412,274.73,228.92,440701,5,159,1.3,1.32,15279,alive,MAIN;A;R,1,A,NA
8366,10435,109845,109845,OCOMOS,822,144.6,432.13,468932,5,29.3,1.3,1.3,15373,alive,MAIN;A,1,A,NA
8371,10440,10985,10985,PREMON,1512,283.18,228.11,440725,5,170,1.4,1.4,15281,alive,MAIN;A,1,A,NA
8448,10540,109934,109934,CECSCH,622,118.72,432.78,468948,5,157,1.3,1.3,15370,alive,MAIN;A,1,A,NA
8604,10761,110139,110139,CECSCH,622,114.04,435.71,468973,5,224,1.3,1.3,15370,alive,MAIN;A,1,A,NA
8819,11074,11043,11043,PREMON,1612,318.8,239.42,440760,5,144,1.3,1.3,15282,alive,MAIN;A,1,A,NA
9137,11479,110827,110827,PREMON,1624,308.2,478.76,469133,5,143,1.3,1.3,15384,alive,MAIN;A,1,A,NA
9178,11543,11089,11089,CECSCH,1202,239.49,25.97,440781,5,66,1.3,1.3,15153,alive,MAIN;A,1,A,NA
9510,11964,11130,11130,SLOBER,903,168.03,40.15,440800,5,56,1.3,1.3,15173,alive,MAIN;A,1,A,NA
9689,12178,111528,111528,CORBOR,1524,289.03,464.8,469305,5,NA,NA,NA,15387,stem dead,MAIN;A;LS;DP;ST,1,A,NA
9873,116236,111755,129228,MICPRA,1523,286.37,443.61,469341,5,NA,NA,NA,15387,broken below,SPROUT;LS;B,4,A,NA
10314,116304,11227,132400,EUGSTA,1603,307.74,46.7,440846,5,NA,NA,NA,15183,broken below,SPROUT;LS;B,2,A,NA
10317,12947,112272,112272,CASARB,1424,261.02,477.44,469449,5,156,1.4,1.4,15387,alive,MAIN;A,1,A,NA
10442,13102,112421,112421,PREMON,1423,271.35,452.97,469482,5,133,1.3,1.3,15387,alive,MAIN;A,1,A,NA
10775,13496,1128,1128,PREMON,402,79.34,39.8,434762,5,157,1.3,1.3,15145,alive,MAIN;A,1,A,NA
10863,13603,1129,1129,PREMON,402,79.05,36.52,434763,5,172,1.3,1.3,15145,alive,MAIN;A,1,A,NA
11014,13781,11307,11307,PREMON,1513,296.05,253.42,440880,5,144,1.3,1.3,15306,alive,MAIN;A,1,A,NA
11386,14246,113491,113491,PREMON,1325,243.79,481.09,469689,5,147,1.3,1.3,15406,alive,MAIN;A,1,A,NA
12004,15013,114234,114234,OCOLEU,1223,222.29,458.22,469844,5,25.4,1.3,1.32,15405,alive,MAIN;A,1,A,NA
12918,116633,115266,166501,CASARB,1124,215.24,461.1,470017,5,28.3,1.3,1.3,15398,alive,SPROUT;A,3,A,NA
13411,116704,115825,168081,PSYBRA,1125,211.66,497.74,470155,5,13.5,1.3,1.3,15406,alive,SPROUT;A,3,A,NA
13431,16710,115845,115845,PREMON,1125,214.84,494.24,470161,5,156,1.3,1.3,15406,alive,MAIN;A,1,A,NA
13575,16864,115995,115995,SCHMOR,1125,202.51,487.36,470188,5,175,1.2,1.18,15406,alive,MAIN;A,1,A,NA
13809,17172,116301,116301,SCHMOR,1023,185.31,450.02,470261,5,191,1.3,1.3,15404,alive,MAIN;A,1,A,NA
13890,17269,116393,116393,SCHMOR,1023,183.23,447.77,470275,5,193,1.3,1.3,15404,alive,MAIN;A,1,A,NA
14272,116877,116842,160865,BYRSPI,923,178.31,454.17,470395,5,38.9,1.3,1.3,15404,alive,SPROUT;A,2,A,NA
14324,17819,116899,116899,CECSCH,923,173.6,440.48,470414,5,203,1.3,1.3,15401,alive,MAIN;A,1,A,NA
14366,17862,116938,116938,SCHMOR,1024,184.55,465.08,470432,5,139,1.3,1.3,15397,alive,MAIN;A,1,A,NA
14524,18034,1171,1171,MANBID,602,107.7,28.37,434795,5,191,1.3,1.3,15147,alive,MAIN;A,1,A,NA
15199,18893,117900,117900,MANBID,924,169.57,464.37,470582,5,94,1.3,1.3,15397,alive,MAIN;A,1,A,NA
15866,19633,118616,118616,PREMON,825,143.53,483.91,470728,5,114,1.3,1.3,15404,alive,MAIN;A,1,A,NA
16254,20128,119094,119094,CASARB,823,151.86,444.56,470847,5,NA,NA,NA,15401,broken below,MAIN;A;LS;B,1,A,NA
16552,20481,11944,11944,CORBOR,1403,265.54,57.02,441042,5,23.2,1.3,1.3,15180,alive,MAIN;A;ST,1,A,NA
16581,20519,119474,119474,SCHMOR,823,144.84,442.94,470953,5,150,1.3,1.3,15400,alive,MAIN;A,1,A,NA
17109,21162,12009,12009,SLOBER,114,0.4,270.32,441061,5,261,1.6,1.6,15279,alive,MAIN;A;ST,1,A,NA
17250,117487,120270,165844,CASARB,725,133.73,497.99,471153,5,26,1.3,1.3,15401,alive,SPROUT;A,2,A,NA
17273,21363,120296,120296,MYRDEF,725,132.93,494.59,471160,5,17.6,1.3,1.3,15401,alive,MAIN;A,1,A,NA
17448,21551,120483,120483,FAROCC,625,117.81,485.56,471209,5,77,1.3,1.28,15399,alive,MAIN;A,1,A,NA
17599,21726,120643,120643,CASARB,625,102.26,491.38,471258,5,34.5,1.3,1.3,15399,alive,MAIN;A,1,A,NA
17865,22066,120964,120966,SYZJAM,525,83.02,490.12,471344,5,20.4,1.3,1.3,15399,alive,SPROUT;A,3,A,NA
18104,22345,121238,121238,CECSCH,624,105.44,474.63,471415,5,198,1.3,1.3,15392,alive,MAIN;A,1,A,NA
18142,22385,121274,121274,BYRSPI,624,104.84,479,471424,5,129,1.3,1.3,15392,alive,MAIN;A,1,A,NA
18157,22400,12129,12129,COCSWA,414,61.59,268.64,441144,5,136,1.2,1.18,15282,alive,MAIN;A,1,A,NA
18455,22746,121609,121609,TABHET,623,103.66,448.12,471525,5,170,1.3,1.29,15394,alive,MAIN;A,1,A,NA
18574,22892,121746,121746,CASARB,623,108.14,440.52,471559,5,34.5,1.3,1.3,15398,alive,MAIN;A,1,A,NA
18680,23015,121860,121860,INGLAU,523,99.11,446.03,471590,5,26.4,1.3,1.3,15394,alive,MAIN;A,1,A,NA
18755,23113,121974,121974,CASARB,523,92.03,442.65,471625,5,137,1.3,1.3,15393,alive,MAIN;A,1,A,NA
18788,23153,122009,122009,HIRRUG,425,79.93,498.83,471631,5,33.1,1.3,1.3,15399,alive,MAIN;A,1,A,NA
18837,23233,122095,122095,CECSCH,524,81.4,475.92,471649,5,266,1.3,1.3,15391,alive,MAIN;A,1,A,NA
19317,23903,122726,122726,FAROCC,424,72.5,474.99,471786,5,94,1.3,1.3,15391,alive,MAIN;A,1,A,NA
19319,23907,12273,12273,PREMON,714,126.36,279.36,441264,5,155,1.3,1.32,15288,alive,MAIN;A,1,A,NA
19545,24210,12301,12301,CASARB,714,133.94,273.66,441288,5,195,1.3,1.32,15288,alive,MAIN;A;T,1,A,NA
19547,24212,123012,123012,CASARB,423,76.88,457.8,471853,5,NA,NA,NA,15393,broken below,MAIN;A;LS;B,1,A,NA
19761,24499,12328,12328,GUTCAR,814,145.13,272.18,441313,5,120,1.35,1.34,15288,alive,MAIN;A,4,A,NA
19871,24648,12342,12342,SCHMOR,814,153.68,277.42,441326,5,253,1.3,1.3,15292,alive,MAIN;A,1,A,NA
19930,117849,123493,165576,CASARB,425,61.31,495.73,471979,5,23.6,1.3,1.3,15398,alive,SPROUT;A,2,A,NA
19941,24741,123503,123503,MANBID,425,75.27,484.61,471982,5,52,1.3,1.3,15399,alive,MAIN;A,1,A,NA
19961,24771,12354,12354,ALCLAT,914,167.42,269.74,441335,5,112,1.3,1.3,15292,alive,MAIN;A;R;ST,2,A,NA
19965,24786,123547,123547,ANDINE,425,70.38,480.66,471989,5,57,1.3,1.3,15398,alive,MAIN;A,1,A,NA
20234,25136,123896,123896,MYRDEF,324,47.76,476.82,472041,5,55,1.3,1.3,15386,alive,MAIN;A,1,A,NA
20291,25199,123963,123963,FAROCC,323,41.26,452.46,472061,5,NA,NA,NA,15386,stem dead,MAIN;A;LS;DP;ST,1,A,NA
20421,25373,124127,124127,HIRRUG,325,50.91,488.63,472102,5,32.7,1.3,1.3,15398,alive,MAIN;A;ST,1,A,NA
20432,25386,12414,12414,PREMON,1114,200.41,270.48,441370,5,162,1.35,1.36,15293,alive,MAIN;A,1,A,NA
20586,25578,124322,124322,PREMON,324,58.1,465.4,472166,5,125,1.3,1.3,15386,alive,MAIN;A,1,A,NA
21127,26270,125,125,MANBID,401,71.37,7.5,434148,5,222,1.3,1.3,15145,alive,MAIN;A,1,A,NA
21157,26316,125043,125043,TRIPAL,225,39.3,489.5,472385,5,NA,NA,NA,15393,broken below,MAIN;A;LS;B,1,A,NA
21275,26480,125177,125177,CASARB,225,32.32,490.96,472421,5,156,1.3,1.3,15393,alive,MAIN;A,1,A,NA
21581,26872,125529,125529,CASARB,124,13.64,465.22,472556,5,49,1.4,1.4,15385,alive,MAIN;A,1,A,NA
21605,26900,125554,125555,GUTCAR,124,3.16,466.18,472575,5,80,1.3,1.3,15385,alive,SPROUT;A,5,A,NA
21701,118187,125680,165112,GUTCAR,125,13.67,480.17,472640,5,154,1.3,1.3,15392,alive,SPROUT;A,3,A,NA
21851,27233,125865,125866,CASSYL,123,0.1,458.2,472704,5,26.5,1.3,1.3,15385,alive,SPROUT;A,2,A,NA
21941,27332,125966,125966,GUTCAR,123,8.64,447.01,472749,5,46.1,1.3,1.3,15385,alive,MAIN;A,1,A,NA
21971,27365,12600,12600,ZANMAR,115,0.01,280.47,441486,5,334,1.35,1.36,15281,alive,MAIN;A,1,A,NA
22024,27427,12638,12638,MANBID,215,24.44,288.78,441514,5,230,1.3,1.32,15281,alive,MAIN;A,1,A,NA
22048,27456,1266,1266,TETBAL,802,157.71,22.74,434869,5,244,1.3,1.3,15148,alive,MAIN;A;V,1,A,NA
22207,27647,12807,12807,PREMON,615,115.27,290.88,441651,5,163,1.3,1.3,15294,alive,MAIN;A,1,A,NA
22300,27765,12904,12904,TRIPAL,915,173.62,286.65,441710,5,141,1.3,1.3,15296,alive,MAIN;A,1,A,NA
22307,27775,12910,12910,PREMON,915,173.65,296.52,441715,5,161,1.3,1.3,15299,alive,MAIN;A,1,A,NA
22450,28023,13067,66106,CASARB,1515,291.7,295.22,441829,5,134,1.3,1.3,15309,alive,SPROUT;A,6,A,NA
22486,28064,13104,13104,PREMON,1615,319.92,296.51,441858,5,139,1.3,1.3,15309,alive,MAIN;A,1,A,NA
22613,28228,13230,13230,SCHMOR,1403,267.09,44.86,441895,5,168,1.3,1.3,15181,alive,MAIN;A,1,A,NA
22650,28269,1327,1327,DACEXC,1002,195.93,33.51,434916,5,419,1.3,1.3,15152,alive,MAIN;A,1,A,NA
22936,28597,13577,13577,COCSWA,316,40.33,309.74,442046,5,471,1.4,1.4,15287,alive,MAIN;A,1,A,NA
23124,28816,13778,13778,INGLAU,816,149.53,315.44,442199,5,262,1.3,1.3,15294,alive,MAIN;A,1,A,NA
23145,28852,13801,13801,CASARB,816,151.17,316.4,442214,5,122,1.4,1.4,15294,alive,MAIN;A,1,A,NA
23209,28941,13869,13869,LAEPRO,1016,195.04,301.03,442258,5,432,1.35,1.35,15301,alive,MAIN;A,1,A,NA
23244,28999,13914,13914,PREMON,1116,218.06,305.78,442275,5,137,1.3,1.3,15306,alive,MAIN;A,1,A,NA
23261,29026,13934,13934,PREMON,1216,238.1,319.27,442293,5,156,1.3,1.29,15306,alive,MAIN;A,1,A,NA
23267,29032,13940,13940,PREMON,1216,235.71,309.28,442300,5,154,1.45,1.45,15306,alive,MAIN;A,1,A,NA
23284,29083,13958,13958,PREMON,1316,249.48,302.91,442313,5,166,1.3,1.3,15307,alive,MAIN;A,1,A,NA
23340,29166,14018,14018,DACEXC,1516,298.23,313.68,442361,5,350,1.2,1.18,15310,alive,MAIN;A,1,A,NA
23345,29171,14022,14022,PREMON,1516,298.04,309.27,442364,5,148,1.3,1.3,15310,alive,MAIN;A,1,A,NA
23468,29328,14161,14161,MATDOM,1203,228.71,46.49,442410,5,123,1.3,1.3,15174,alive,MAIN;A,1,A,NA
23672,29588,1439,1439,PREMON,1402,261.7,35.66,434991,5,123,1.3,1.3,15155,alive,MAIN;A,1,A,NA
23686,29616,14406,14406,PREMON,417,69.03,335.05,442528,5,154,1.3,1.3,15313,alive,MAIN;A,1,A,NA
23710,29640,14434,14434,PREMON,517,82.74,329.81,442548,5,148,1.3,1.3,15313,alive,MAIN;A,1,A,NA
23746,29677,14473,14473,PREMON,617,100.27,328.01,442571,5,170,1.3,1.32,15314,alive,MAIN;A,1,A,NA
23755,29689,14481,14481,PREMON,617,105.42,328.82,442578,5,144,1.25,1.25,15314,alive,MAIN;A,1,A,NA
23759,29695,14485,14485,PREMON,617,105.86,323.35,442583,5,208,1.25,1.26,15314,alive,MAIN;A,1,A,NA
23824,29789,14551,14551,ROYBOR,817,150.71,335.9,442642,5,364,1.3,1.3,15315,alive,MAIN;A,1,A,NA
23886,29878,14617,14617,PREMON,1017,181.53,329.68,442700,5,137,1.3,1.3,15356,alive,MAIN;A,1,A,NA
23903,29911,14637,14637,PREMON,1017,193.73,333.83,442708,5,195,1.2,1.2,15357,alive,MAIN;A,1,A,NA
23909,29927,14642,14642,PREMON,1017,190.72,337.01,442712,5,146,1.35,1.35,15357,alive,MAIN;A,1,A,NA
23945,29981,14684,14684,CASARB,1117,218.75,329.75,442735,5,291,1.45,1.46,15358,alive,MAIN;A,1,A,NA
23987,30042,14730,14730,PREMON,1317,247.97,333.94,442774,5,180,1.2,1.2,15359,alive,MAIN;A,1,A,NA
24006,30075,1475,1475,DACEXC,1502,289.69,32.42,435024,5,364,1.3,1.3,15159,alive,MAIN;A,1,A,NA
24111,30216,14866,14866,SCHMOR,1617,316.47,328.89,442876,5,372,1.2,1.2,15363,alive,MAIN;A,1,A,NA
24137,30244,14895,14895,SLOBER,803,142.48,55.56,442890,5,58,1.3,1.3,15169,alive,MAIN;A;ST,2,A,NA
24308,30435,15065,15065,PREMON,318,45.85,347.03,442978,5,169,1.3,1.3,15310,alive,MAIN;A,1,A,NA
24329,30464,1509,1509,DACEXC,1602,308.02,36.01,435051,5,235,1.05,1.07,15160,alive,MAIN;A,1,A,NA
24355,30495,1512,1512,MATDOM,1602,306.16,29.11,435054,5,179,1.3,1.3,15160,alive,MAIN;A,1,A,NA
24399,30562,15172,15172,MANBID,618,118.15,343.14,443041,5,777,1.4,1.38,15315,alive,MAIN;A,1,A,NA
24438,30636,15215,15215,PREMON,818,146.12,346.62,443065,5,196,1.05,1.06,15317,alive,MAIN;A,1,A,NA
24440,30638,15218,15218,PREMON,818,146.52,341.07,443067,5,128,1.3,1.3,15317,alive,MAIN;A,1,A,NA
24473,30679,15255,15255,FICSPP,918,169.13,354.59,443095,5,148,1.3,1.32,15356,alive,MAIN;A,1,A,NA
24492,30700,15274,15274,PREMON,918,175.06,356.05,443113,5,157,1.4,1.38,15356,alive,MAIN;A,1,A,NA
24526,30750,15309,15309,INGLAU,1018,194.21,359.29,443140,5,360,1.4,1.4,15356,alive,MAIN;A,1,A,NA
24585,30851,15367,15367,PREMON,1218,228,342.38,443174,5,152,1.35,1.35,15357,alive,MAIN;A,1,A,NA
24674,30975,1546,1546,BUCTET,1403,266.01,59.82,435071,5,178,1.7,1.7,15180,alive,MAIN;A;ST;T,1,A,NA
24726,31060,1551,1551,MATDOM,1403,268.2,40.87,435077,5,296,1.3,1.3,15181,alive,MAIN;A,1,A,NA
24803,31150,15594,15594,DACEXC,501,98.74,5.78,443305,5,73,1.3,1.3,15147,alive,MAIN;A,1,A,NA
24978,31380,15788,15788,CORSUL,419,63.16,370.89,443418,5,185,1.4,1.4,15315,alive,MAIN;A,1,A,NA
25001,31409,1581,1581,MATDOM,1503,284.03,40.84,435099,5,576,1.3,1.3,15181,alive,MAIN;A,1,A,NA
25054,31495,15869,15869,PREMON,719,120.66,376.16,443490,5,173,1.35,1.37,15317,alive,MAIN;A,1,A,NA
25067,31518,15881,15881,PREMON,719,127.97,362.79,443502,5,135,1.3,1.3,15317,alive,MAIN;A,1,A,NA
25089,31546,15902,15902,PREMON,819,149.38,371.96,443514,5,137,1.25,1.25,15317,alive,MAIN;A,1,A,NA
25231,31794,16055,16055,SCHMOR,1319,259.48,360.54,443623,5,299,1.5,1.5,15359,alive,MAIN;A,1,A,NA
25289,31892,16113,16113,INGVER,1519,299.03,363.14,443660,5,288,1.5,1.5,15362,alive,MAIN;A,1,A,NA
25331,31937,16164,16164,SLOBER,402,70.83,21.05,443689,5,55,1.3,1.3,15145,alive,MAIN;A,1,A,NA
25446,32066,16289,16289,IXOFER,1503,288.88,52.43,443744,5,54,1.3,1.3,15181,alive,MAIN;A,1,A,NA
25472,32096,16312,16312,CORSUL,120,8.3,381.19,443762,5,150,1.3,1.3,15365,alive,MAIN;A,1,A,NA
25488,32130,1633,1633,MATDOM,1603,309.14,40.78,435143,5,239,1.3,1.3,15183,alive,MAIN;A,1,A,NA
25524,32181,16366,16366,PREMON,320,51.9,386.27,443809,5,201,1.2,1.2,15366,alive,MAIN;A,1,A,NA
25534,32193,1638,1638,MATDOM,1603,311.23,48.55,435148,5,328,1.5,1.5,15183,alive,MAIN;A,1,A,NA
25567,32234,1641,1641,DACEXC,1603,310.37,57.63,435151,5,154,1.3,1.3,15183,alive,MAIN;A,2,A,NA
25569,32237,16411,16411,CASARB,420,76.5,393.57,443844,5,180,1.35,1.35,15369,alive,MAIN;A,2,A,NA
25821,32585,16675,16675,BUCTET,1220,224.8,396.84,444015,5,955,2.25,2.26,15379,alive,MAIN;A,2,A,NA
25875,32672,16727,16727,GUAGUI,1420,273.44,391.76,444058,5,161,1.35,1.36,15386,alive,MAIN;A;ST,1,A,NA
26289,33212,17154,17154,PREMON,1121,204.03,415.03,444355,5,156,1.3,1.3,15376,alive,MAIN;A,1,A,NA
26352,33303,17215,17215,PREMON,1221,233.54,418.37,444376,5,124,1.35,1.35,15377,alive,MAIN;A,1,A,NA
26368,33322,1723,1723,TETBAL,203,23.45,51.06,435197,5,84,1.3,1.3,15161,alive,MAIN;A,1,A,NA
26397,33361,17258,17258,PREMON,1321,251.84,419.5,444397,5,179,1.3,1.3,15378,alive,MAIN;A,1,A,NA
26590,33636,17459,17459,PREMON,322,51.22,423.27,444528,5,156,1.3,1.3,15364,alive,MAIN;A,1,A,NA
26651,33706,17518,17518,PREMON,522,89.24,433.92,444571,5,165,1.4,1.42,15369,alive,MAIN;A,1,A,NA
26856,33991,17737,17737,HOMRAC,1222,237.49,437.7,444692,5,115,1.4,1.4,15383,alive,MAIN;A,1,A,NA
26927,34100,17807,17807,PREMON,1422,270.53,435.63,444744,5,119,1.35,1.35,15386,alive,MAIN;A,1,A,NA
26969,34157,17850,17850,CORSUL,1622,303.01,421.31,444763,5,213,1.5,1.5,15386,alive,MAIN;A,1,A,NA
27280,34555,18174,18174,PREMON,823,148.22,458.41,444990,5,143,1.25,1.24,15400,alive,MAIN;A,1,A,NA
27376,34692,18275,18275,BUCTET,1223,220.65,445.42,445060,5,661,2.6,2.6,15405,alive,MAIN;A,1,A,NA
27391,34708,18290,18290,MANBID,1223,230.28,449.91,445072,5,234,1.3,1.3,15405,alive,MAIN;A,1,A,NA
27430,34753,18326,18326,CASARB,1423,260.6,445.63,445097,5,215,1.35,1.34,15387,alive,MAIN;A,1,A,NA
27439,34763,18336,18336,BYRSPI,1423,269.12,451.4,445104,5,493,1.35,1.37,15387,alive,MAIN;A,1,A,NA
27461,34786,18359,18359,PREMON,1523,282.22,441.32,445122,5,149,1.3,1.3,15387,alive,MAIN;A,1,A,NA
27672,35019,18603,18603,DACEXC,124,2.68,465,445225,5,187,1.3,1.3,15385,alive,MAIN;A,1,A,NA
27970,35445,18901,18901,PREMON,924,179.66,476.94,445442,5,164,1.3,1.3,15397,alive,MAIN;A,1,A,NA
27997,35479,18932,18932,MANBID,1124,204.72,470.55,445464,5,256,1.35,1.36,15398,alive,MAIN;A,2,A,NA
28083,35584,19017,19017,CASARB,1424,278.46,467.36,445531,5,228,1.25,1.26,15387,alive,MAIN;A,1,A,NA
28376,35976,19308,19309,CASARB,725,134.73,494.51,445734,5,172,1.3,1.3,15401,alive,SPROUT;A,3,A,NA
28403,36009,19334,19334,PREMON,825,144.12,490.96,445765,5,153,1.3,1.3,15404,alive,MAIN;A,1,A,NA
28510,36142,19451,19451,PREMON,1225,221.77,498.37,445843,5,136,1.4,1.4,15406,alive,MAIN;A,1,A,NA
28530,36163,19470,19470,MATDOM,1225,234.34,499.65,445856,5,274,1.4,1.4,15406,alive,MAIN;A,1,A,NA
28543,36178,19486,19486,GUAGUI,1325,247.11,499.35,445866,5,337,1.3,1.3,15406,alive,MAIN;A,2,A,NA
28606,36268,19546,19546,PREMON,1525,297.28,482.55,445908,5,153,1.3,1.3,15405,alive,MAIN;A,1,A,NA
28615,36279,19556,19556,PREMON,1625,305.5,492.97,445916,5,165,1.3,1.3,15407,alive,MAIN;A,1,A,NA
28620,36284,19560,19560,PREMON,1625,309.03,480.27,445918,5,148,1.4,1.42,15407,alive,MAIN;A,1,A,NA
28684,36357,19631,19631,CASSYL,102,19.77,32.64,445962,5,70,1.3,1.3,15140,alive,MAIN;A,1,A,NA
28718,36391,19669,19669,SLOBER,202,32.68,33.73,445987,5,119,1.45,1.43,15141,alive,MAIN;A,1,A,NA
28746,36423,19701,19701,MIRGAR,102,1.23,23.42,446004,5,29.4,1.3,1.3,15139,alive,MAIN;A,1,A,NA
28863,36560,19842,19842,SLOBER,302,55.08,25.53,446093,5,57,1.3,1.3,15142,alive,MAIN;A,1,A,NA
28939,36644,19916,19916,SLOBER,705,129.35,82.45,446127,5,45.6,1.25,1.25,15195,alive,MAIN;A,1,A,NA
28970,36676,19948,19948,HIRRUG,605,111.31,94.58,446149,5,23.5,1.25,1.27,15191,alive,MAIN;A,2,A,NA
29014,36722,1999,1999,SLOBER,401,62.56,0.22,435327,5,24.7,1.25,1.25,15145,alive,MAIN;A,1,A,NA
29280,37012,20278,20278,DACEXC,1301,250.29,1.91,446237,5,83,1.3,1.3,15159,alive,MAIN;A,1,A,NA
29422,37164,20449,20451,SLOBER,1201,230.28,15.25,446269,5,37.3,1.3,1.3,15159,alive,SPROUT;A,3,A,NA
29463,37205,20494,20494,CECSCH,1201,237.38,13.08,446279,5,168,1.4,1.4,15159,alive,MAIN;A,1,A,NA
29616,37376,20659,20659,CECSCH,1401,271.51,12.43,446327,5,113,1.3,1.3,15161,alive,MAIN;A,1,A,NA
29956,37781,21020,21020,GUEVAL,1601,308.17,7.85,446512,5,175,1.3,1.3,15162,alive,MAIN;A,1,A,NA
29966,37791,2103,2103,PREMON,403,61.84,42.44,435434,5,167,1.3,1.3,15166,alive,MAIN;A,1,A,NA
30385,38312,2150,2150,GUEVAL,503,95.44,53.68,435474,5,105,1.35,1.35,15168,alive,MAIN;A,1,A,NA
30458,38391,21574,21574,TABHET,1302,244.57,38.6,446672,5,24.6,1.3,1.3,15154,alive,MAIN;A;ST,1,A,NA
30484,38424,21608,21608,PREMON,1302,249.56,21.92,446686,5,117,1.3,1.3,15154,alive,MAIN;A,1,A,NA
30525,38466,21654,21654,CECSCH,1302,252.71,35.41,446702,5,122,1.3,1.3,15154,alive,MAIN;A;ST,1,A,NA
30541,38486,21672,21672,INGVER,1302,255.43,39.31,446708,5,236,1.2,1.2,15154,alive,MAIN;A,1,A,NA
30613,38567,21752,21752,HIRRUG,1502,284.69,27.47,446730,5,77,1.3,1.3,15159,alive,MAIN;A,1,A,NA
30694,38656,2184,2184,TABHET,603,119.74,43.94,435500,5,137,1.3,1.3,15168,alive,MAIN;A,1,A,NA
30770,38742,21918,21918,HIRRUG,1402,274.06,34.2,446783,5,30.4,1.3,1.3,15155,alive,MAIN;A,1,A,NA
30803,38778,21953,21953,HIRRUG,1402,271.73,34.48,446801,5,37.9,1.3,1.3,15155,alive,MAIN;A;ST,2,A,NA
30954,38949,22106,22106,MANBID,1502,282.55,31.14,446883,5,15.7,1.3,1.3,15159,alive,MAIN;A,1,A,NA
31086,39104,22249,22249,MANBID,1502,298.19,24.19,446941,5,31.8,1.3,1.3,15159,alive,MAIN;A,1,A,NA
31111,39130,22273,22273,HIRRUG,1602,302.38,21.22,446961,5,48.9,1.25,1.27,15160,alive,MAIN;A,1,A,NA
31133,39158,22299,22299,MICPRA,1602,301.81,30.29,446970,5,64,1.3,1.3,15160,alive,MAIN;A,1,A,NA
31188,39222,22356,22356,MYRDEF,1602,308.82,23.43,446996,5,22.5,1.3,1.3,15160,alive,MAIN;A,1,A,NA
31570,39655,22763,22763,TETBAL,204,33.28,79.62,447212,5,NA,NA,NA,15167,broken below,MAIN;A;LS;B,1,A,NA
31646,39734,22835,22835,SLOBER,304,45.26,69.27,447262,5,32.3,1.3,1.3,15168,alive,MAIN;A,1,A,NA
31663,39751,22850,22850,SLOBER,304,49.66,72.2,447274,5,NA,NA,NA,15168,broken below,MAIN;A;LS;B,1,A,NA
31696,39785,22881,22881,DACEXC,304,53.12,66.62,447300,5,67,1.35,1.33,15168,alive,MAIN;A,1,A,NA
31702,39793,22889,22889,SLOBER,304,53.84,73.81,447307,5,67,1.35,1.37,15168,alive,MAIN;A,1,A,NA
31724,39823,22909,22909,GUAGLA,304,59.21,74.1,447330,5,74,1.3,1.3,15168,alive,MAIN;A,2,A,NA
32075,40230,23305,23305,DACEXC,704,124.43,78.04,447491,5,63,1.3,1.3,15170,alive,MAIN;A,1,A,NA
32116,40271,23343,23343,MANBID,704,137.52,70.08,447515,5,95,1.25,1.25,15173,alive,MAIN;A,1,A,NA
32230,40393,23470,23470,HIRRUG,904,173.11,61.07,447590,5,18.4,1.3,1.3,15174,alive,MAIN;A;ST,1,A,NA
32377,40563,23637,23637,SLOBER,1104,214.92,75.16,447679,5,45.9,1.25,1.27,15180,alive,MAIN;A,1,A,NA
32393,40580,23654,23654,SLOBER,1104,216.45,76.34,447685,5,40.2,1.3,1.32,15180,alive,MAIN;A,3,A,NA
32439,40635,23710,23710,EUGSTA,1204,229.72,68.81,447706,5,33.4,1.3,1.3,15181,alive,MAIN;A,1,A,NA
32644,40903,23959,23959,SLOBER,1304,251.06,68.15,447787,5,101,1.25,1.24,15181,alive,MAIN;A,3,A,NA
32677,40946,240,240,CORSUL,801,149.58,13.99,434229,5,138,1.5,1.5,15152,alive,MAIN;A,1,A,NA
32787,41092,24123,24123,CASARB,1404,269.14,74.03,447856,5,46,1.3,1.3,15182,alive,MAIN;A,1,A,NA
32823,41138,24168,24168,EUGSTA,1404,269.65,61.47,447867,5,19,1.35,1.33,15182,alive,MAIN;A,1,A,NA
32989,41329,24353,24353,BUCTET,1504,295.36,71.45,447961,5,75,1.3,1.3,15183,alive,MAIN;A,1,A,NA
33221,41595,24627,24627,HIRRUG,1505,292.3,96.43,448132,5,49,1.25,1.26,15202,alive,MAIN;A,2,A,NA
33318,41696,24732,24732,BUCTET,1404,276.28,79.88,448205,5,114,1.3,1.3,15182,alive,MAIN;A,1,A,NA
33320,41698,24734,24734,DRYGLA,1405,270.74,80.38,448206,5,88,1.3,1.3,15201,alive,MAIN;A,1,A,NA
33421,41806,2484,2484,CORBOR,801,148.67,5.61,435704,5,39.5,1.3,1.3,15152,alive,MAIN;A,1,A,NA
33494,41881,24909,24909,CECSCH,205,26.42,98.87,448250,5,301,1.35,1.37,15187,alive,MAIN;A,1,A,NA
33658,42059,25092,25092,ARDGLA,1606,305.44,106.75,448298,5,12.3,1.3,1.3,15202,alive,MAIN;A,1,A,NA
33664,42065,25098,25098,CASARB,1606,309.48,116.34,448303,5,60,1.3,1.3,15202,alive,MAIN;A,1,A,NA
33802,42220,25241,25241,EUGSTA,1406,272.62,101.68,448386,5,117,1.3,1.3,15201,alive,MAIN;A;V,1,A,NA
33851,42287,25304,25304,CASARB,1406,264.68,106.76,448397,5,68,1.3,1.3,15201,alive,MAIN;A,1,A,NA
34054,42537,25547,25547,CASSYL,1306,246.94,119.23,448456,5,29.5,1.3,1.3,15197,alive,MAIN;A,1,A,NA
34252,42766,25777,25777,EUGSTA,1206,222.02,114.85,448537,5,24.2,1.3,1.3,15197,alive,MAIN;A,1,A,NA
34407,42945,2605,2605,DACEXC,304,50.52,67.53,435787,5,124,1.35,1.35,15168,alive,MAIN;A,1,A,NA
34433,42976,263,263,SLOBER,801,156.04,3.48,434251,5,179,1.3,1.3,15152,alive,MAIN;A,1,A,NA
34436,42979,2632,2632,CROPOE,404,70.94,66.49,435811,5,208,1.25,1.25,15169,alive,MAIN;A,1,A,NA
34444,42987,2640,2640,PREMON,404,79.67,75.98,435817,5,137,1.3,1.32,15169,alive,MAIN;A,1,A,NA
34553,120626,26621,44570,SLOBER,1205,238.55,84.19,448770,5,23.1,1.3,1.3,15198,alive,SPROUT;A,2,A,NA
34643,43247,2673,2673,TETBAL,604,103.88,60.63,435842,5,182,1.4,1.4,15170,alive,MAIN;A,1,A,NA
34736,43364,2684,2684,SLOBER,604,105.7,62.18,435853,5,123,1.35,1.36,15170,alive,MAIN;A;ST,1,A,NA
34867,43509,26979,26979,DACEXC,1005,185.26,87.99,448914,5,58,1.2,1.2,15196,alive,MAIN;A,1,A,NA
34880,43523,26992,26992,SLOBER,905,173.54,92.82,448922,5,65,1.3,1.3,15196,alive,MAIN;A,1,A,NA
34937,43585,2706,2706,SLOBER,704,129.75,79.18,435872,5,129,1.35,1.35,15173,alive,MAIN;A,1,A,NA
34977,43627,27108,27108,TRIPAL,1005,187.82,83.02,448968,5,42.5,1.35,1.35,15196,alive,MAIN;A,1,A,NA
35034,43687,27174,27174,MANBID,905,168.25,82.04,449009,5,74,1.3,1.3,15196,alive,MAIN;A,1,A,NA
35035,43688,27175,27175,MANBID,805,154.01,81.2,449010,5,70,1.3,1.3,15195,alive,MAIN;A,1,A,NA
35053,120684,27194,130535,SLOBER,805,154.51,95.11,449026,5,15.3,1.3,1.3,15195,alive,SPROUT;A,2,A,NA
35162,43818,27309,27309,MANBID,605,116.02,97.76,449073,5,59,1.3,1.3,15191,alive,MAIN;A,1,A,NA
35355,44026,27538,27538,SLOBER,1106,202.64,109.86,449169,5,50,1.4,1.4,15196,alive,MAIN;A;ST,1,A,NA
35381,44053,27566,27566,MANBID,1006,184.03,106.37,449188,5,30.6,1.3,1.3,15196,alive,MAIN;A,1,A,NA
35435,44114,27625,27625,MANBID,906,166.47,104.83,449207,5,29.2,1.3,1.3,15195,alive,MAIN;A,1,A,NA
35650,44346,27892,27892,COCPYR,506,86.89,113.39,449341,5,NA,NA,NA,15194,broken below,MAIN;A;LS;B,2,A,NA
35729,155495,27988,170583,SLOBER,506,84.07,111.49,449378,5,NA,NA,NA,15194,stem dead,SPROUT;LS,2,A,NA
35856,44596,28156,28156,UREBAC,306,45.72,102.71,449442,5,NA,NA,NA,15190,broken below,MAIN;A;LS;B,1,A,NA
35891,44634,282,282,DACEXC,901,172.45,14.73,434266,5,269,1.25,1.26,15153,alive,MAIN;A,1,A,NA
36181,44951,28529,28529,CASSYL,107,10.4,124.58,449525,5,33.8,1.35,1.37,15205,alive,MAIN;A,1,A,NA
36471,120781,28851,133387,SLOBER,207,26.17,138.38,449644,5,13.2,1.3,1.3,15205,alive,SPROUT;A,2,A,NA
36486,45281,2887,2887,PREMON,1204,234.39,74.62,493365,5,173,1.1,1.12,15181,alive,MAIN;A,1,A,NA
36625,45435,29028,29028,OCOLEU,407,77.52,124.59,449744,5,24.3,1.3,1.3,15211,alive,MAIN;A,1,A,NA
36632,45445,29038,29038,TETBAL,507,85.65,122.47,449750,5,14.4,1.3,1.3,15211,alive,MAIN;A,1,A,NA
36750,45569,2918,2918,DACEXC,1304,258.73,77.71,436055,5,164,1.3,1.3,15181,alive,MAIN;A,1,A,NA
36814,45639,29250,29250,SLOBER,507,96.89,132.41,449837,5,66,1.25,1.27,15212,alive,MAIN;A,1,A,NA
36941,45784,29393,29393,SLOBER,1007,182.06,123.38,449913,5,101,1.3,1.3,15237,alive,MAIN;A,1,A,NA
37000,45853,29459,29459,BYRSPI,507,85.81,126.87,449961,5,68,1.3,1.3,15211,alive,MAIN;A,1,A,NA
37007,45865,2947,2947,MATDOM,1404,268.42,64.28,436078,5,159,1.3,1.3,15182,alive,MAIN;A,1,A,NA
37085,45953,29561,29561,TETBAL,807,141.09,130.81,450002,5,42,1.35,1.34,15215,alive,MAIN;A,1,A,NA
37433,46326,29952,29952,HIRRUG,807,154.08,136.68,450181,5,102,1.2,1.2,15215,alive,MAIN;A,2,A,NA
37471,46375,29999,29999,EUGSTA,1007,181.76,138.68,450210,5,55,1.3,1.3,15238,alive,MAIN;A,1,A,NA
37537,46454,3009,3009,MANBID,1604,304.22,73.32,436128,5,158,1.25,1.23,15183,alive,MAIN;A,1,A,NA
37605,46532,3025,3025,MIRGAR,1604,312.65,67.91,436143,5,363,1.35,1.35,15183,alive,MAIN;A,1,A,NA
37654,46589,30530,30529,HIRRUG,1107,216.54,124.84,450265,5,59,1.4,1.39,15240,alive,SPROUT;A,2,A,NA
37703,46647,30594,30594,BRUPOR,1407,264.52,123.23,450298,5,NA,NA,NA,15240,stem dead,MAIN;A;LS;DP,1,A,NA
37786,46733,30680,30680,PREMON,1507,280.42,128.05,450351,5,147,1.3,1.3,15243,alive,MAIN;A,1,A,NA
37918,46881,30831,30831,TRIPAL,1207,221.36,136.76,450457,5,53.5,1.3,1.3,15239,alive,MAIN;A,1,A,NA
37928,46895,30844,30844,CASSYL,1207,237.49,139.6,450471,5,87,1.3,1.3,15240,alive,MAIN;A,1,A,NA
37968,46944,30892,30892,CORBOR,1507,287.24,137.1,450505,5,48.3,1.4,1.39,15243,alive,MAIN;A,1,A,NA
38005,46985,30933,30933,MYRDEF,1607,304.4,121.95,450525,5,61,1.3,1.3,15243,alive,MAIN;A,1,A,NA
38078,47066,31046,31046,SLOBER,110,2.48,188.53,450562,5,82,1.3,1.32,15244,alive,MAIN;A,1,A,NA
38110,47108,3109,3109,HIRRUG,1503,294.75,53.06,436172,5,41,1.3,1.3,15182,alive,MAIN;A,1,A,NA
38396,47428,31411,31411,SCHMOR,110,17.56,186.44,450676,5,174,1.2,1.22,15245,alive,MAIN;A,1,A,NA
38416,47453,31435,31435,SCHMOR,110,17.86,189.22,450680,5,116,1.25,1.27,15245,alive,MAIN;A,1,A,NA
38799,47865,32151,32151,DACEXC,410,63.6,189.89,450766,5,114,1.4,1.4,15247,alive,MAIN;A,1,A,NA
38940,48026,32359,32359,SLOBER,510,85.94,181.47,450843,5,31.3,1.3,1.3,15250,alive,MAIN;A,1,A,NA
39263,48399,3279,3279,BYRSPI,1203,239.4,53.13,436214,5,49.5,1.3,1.3,15174,alive,MAIN;A;ST,1,A,NA
39388,48529,32952,32952,TRIPAL,610,119.37,193.54,450951,5,62,1.3,1.3,15251,alive,MAIN;A,1,A,NA
39409,155540,32991,170327,OCOLEU,710,131.52,194.77,450964,5,23.6,1.3,1.3,15253,alive,SPROUT;A,3,A,NA
39524,48683,33108,33108,TRIPAL,710,123.99,188.04,450995,5,38.7,1.3,1.3,15253,alive,MAIN;A,1,A,NA
39550,48712,33139,33139,CECSCH,710,135.14,189.02,451004,5,181,1.3,1.3,15254,alive,MAIN;A,1,A,NA
39681,48857,33319,33319,ANDINE,810,145.56,191.23,451051,5,158,1.3,1.3,15254,alive,MAIN;A,1,A,NA
39705,48888,33371,33370,CASSYL,1010,183.5,194.22,451067,5,67,1.5,1.5,15261,alive,SPROUT;A,5,A,NA
39774,48961,33442,33442,SAMSPI,810,142.79,197.39,451097,5,14.8,1.3,1.3,15254,alive,MAIN;A,1,A,NA
40092,49328,351,351,PREMON,1201,234.13,5.11,434323,5,164,1.3,1.3,15155,alive,MAIN;A,1,A,NA
40183,49457,3591,3591,DACEXC,405,73,89.01,436343,5,557,1.3,1.3,15191,alive,MAIN;A,1,A,NA
40232,49514,3637,3637,DACEXC,605,106.91,95.08,436383,5,417,1.3,1.3,15191,alive,MAIN;A,1,A,NA
40240,49522,3645,3645,PREMON,605,112.75,87.49,436388,5,191,1.3,1.29,15191,alive,MAIN;A,1,A,NA
40348,49654,3744,3744,PREMON,905,170.98,97.99,436462,5,162,1.3,1.28,15196,alive,MAIN;A,1,A,NA
40378,49688,37710,95263,CASSYL,218,20.12,343.22,451999,5,34.6,1.3,1.3,15309,alive,SPROUT;A,2,A,NA
40568,49924,3945,3944,CYRRAC,1405,276.85,81.14,436627,5,357,1.7,1.69,15201,alive,SPROUT;A;NP,2,A,NA
40578,49935,3953,3953,MATDOM,1505,283.58,90.74,436635,5,210,1.4,1.38,15201,alive,MAIN;A,1,A,NA
40581,49940,3955,3955,DACEXC,1506,284.75,100.21,436637,5,484,1.2,1.2,15201,alive,MAIN;A,1,A,NA
40638,49999,4006,4006,DRYGLA,1605,311.49,92.42,436682,5,112,1.3,1.3,15202,alive,MAIN;A,1,A,NA
40744,50113,40254,40254,CECSCH,1010,198.58,186.43,452542,5,176,1.3,1.3,15264,alive,MAIN;A,1,A,NA
40963,50374,41088,41088,DACEXC,1508,283.08,152.41,452703,5,184,1.4,1.38,15244,alive,MAIN;A,1,A,NA
40976,50388,4110,4110,GUAGLA,903,161.77,57.13,436712,5,76,1.35,1.37,15169,alive,MAIN;A;R,1,A,NA
41089,50530,41241,41241,CASARB,1508,289.2,149.52,452767,5,157,1.4,1.4,15244,alive,MAIN;A,1,A,NA
41379,50867,41586,41586,GUTCAR,1208,227.66,158,452928,5,119,1.3,1.3,15239,alive,MAIN;A,5,A,NA
41380,50868,41587,41587,GUTCAR,1208,227.49,158.1,452932,5,110,1.25,1.25,15239,alive,MAIN;A;ST,3,A,NA
41740,51291,42010,42011,CASSYL,908,165.14,145.15,453131,5,57.9,1.3,1.3,15238,alive,SPROUT;A,4,A,NA
41752,51305,42025,42025,IXOFER,908,166.85,152.13,453141,5,91,1.35,1.34,15238,alive,MAIN;A,1,A,NA
41874,121663,42172,136006,IXOFER,808,144,154.83,453209,5,22.5,1.3,1.3,15215,alive,SPROUT;A,2,A,NA
41952,51546,42277,42277,EUGSTA,708,133.37,146.74,453250,5,47.5,1.3,1.3,15215,alive,MAIN;A,1,A,NA
42015,51620,42378,42378,EUGSTA,608,106.4,144.77,453279,5,57,1.2,1.2,15212,alive,MAIN;A,1,A,NA
42189,51800,42581,42581,DENARB,508,85.49,157.45,453322,5,89,1.4,1.4,15211,alive,MAIN;A,1,A,NA
42658,52304,43122,43122,SLOBER,108,18.17,147.49,453481,5,45.4,1.3,1.3,15205,alive,MAIN;A,1,A,NA
42675,52323,43145,43145,SAPLAU,108,17.7,157.82,453491,5,109,1.3,1.3,15205,alive,MAIN;A,1,A,NA
42834,52488,4340,4340,INGLAU,903,163,45.71,436796,5,97,1.3,1.3,15169,alive,MAIN;A,1,A,NA
42951,52627,4475,4475,SLOBER,1203,222.47,51.74,436844,5,40.7,1.3,1.3,15174,alive,MAIN;A,1,A,NA
42955,52631,448,448,PREMON,1501,284.86,3.2,434396,5,116,1.3,1.3,15161,alive,MAIN;A,1,A,NA
43020,52712,45059,45059,GUEVAL,1509,294.48,162.08,453984,5,131,1.2,1.2,15278,alive,MAIN;A,1,A,NA
43084,52793,45148,45148,CASSYL,1609,307.97,174.68,454027,5,64,1.3,1.3,15278,alive,MAIN;A,2,A,NA
43236,52998,45335,45335,INGLAU,1409,271.68,161.58,454115,5,37.2,1.4,1.4,15272,alive,MAIN;A,1,A,NA
43256,53019,45358,45358,PREMON,1409,260.14,174.35,454124,5,146,1.3,1.3,15272,alive,MAIN;A,1,A,NA
43349,53141,45471,45471,MANBID,1309,258.95,170.18,454163,5,50,1.3,1.3,15272,alive,MAIN;A,1,A,NA
43392,53194,45523,45523,INGLAU,1209,228.18,169.52,454202,5,33.6,1.3,1.3,15266,alive,MAIN;A,1,A,NA
43470,53276,4568,4568,PREMON,306,53.99,110.98,436904,5,182,1.3,1.3,15190,alive,MAIN;A,1,A,NA
43596,53420,4585,4585,MANBID,406,61.48,112.35,436920,5,233,1.3,1.3,15190,alive,MAIN;A,1,A,NA
43649,53480,45942,45942,EUGSTA,909,161,175.49,454381,5,29.2,1.3,1.3,15261,alive,MAIN;A,1,A,NA
43779,53638,46311,46311,SLOBER,409,73.42,165.56,454467,5,82,1.3,1.3,15250,alive,MAIN;A,1,A,NA
43812,121877,46355,26152,SLOBER,409,65.6,163.43,454477,5,51,1.3,1.3,15247,alive,SPROUT;A,2,A,NA
43923,155695,46485,168821,UREBAC,409,77.96,160.51,454507,5,NA,NA,NA,15250,broken below,SPROUT;LS;B,4,A,NA
44057,53948,46640,46640,CORBOR,709,124.32,161.71,454545,5,58,1.3,1.3,15252,alive,MAIN;A,1,A,NA
44105,54000,46692,46692,TETBAL,609,112.72,172.45,454570,5,73,1.3,1.3,15251,alive,MAIN;A,1,A,NA
44112,54007,4670,4670,DACEXC,706,122.54,101.9,436988,5,513,1.3,1.3,15195,alive,MAIN;A,1,A,NA
44163,54062,46760,46760,DENARB,609,116.02,172.83,454597,5,22.9,1.3,1.3,15251,alive,MAIN;A,2,A,NA
44864,54849,47615,47615,SLOBER,109,0.13,163.83,454798,5,21.2,1.3,1.3,15244,alive,MAIN;A,1,A,NA
45112,55110,48010,48010,SLOBER,309,46.25,160.45,454851,5,66,1.35,1.33,15247,alive,MAIN;A,1,A,NA
45138,55141,48051,48051,GUAGUI,209,36.92,173.34,454857,5,202,1.3,1.3,15247,alive,MAIN;A,1,A,NA
45179,55189,4810,4810,CASSYL,1106,218.83,119.11,437088,5,158,1.35,1.35,15196,alive,MAIN;A,2,A,NA
45269,55287,48214,48214,SLOBER,209,23.89,172.19,454886,5,96,1.3,1.3,15246,alive,MAIN;A,2,A,NA
45342,55361,4831,4831,DACEXC,1206,227.8,100.24,437103,5,406,1.3,1.3,15197,alive,MAIN;A,1,A,NA
45522,55566,4872,4872,LAEPRO,1306,256.08,116.03,437135,5,370,1.3,1.3,15197,alive,MAIN;A,1,A,NA
45528,55572,4878,4878,TETBAL,1306,257.06,112.38,437138,5,258,1.3,1.3,15197,alive,MAIN;A,1,A,NA
45588,55633,494,494,MANBID,1601,316.42,18.5,434425,5,288,1.3,1.3,15162,alive,MAIN;A,1,A,NA
45653,55705,4998,4998,SLOBER,1403,269.52,59.54,437237,5,37.4,1.3,1.3,15180,alive,MAIN;A,1,A,NA
45724,122075,50070,35121,MANBID,1310,258.32,182.89,455223,5,28.2,1.3,1.3,15272,alive,SPROUT;A,2,A,NA
45813,55881,50171,50171,PREMON,1310,256.55,185.8,455261,5,164,1.2,1.2,15272,alive,MAIN;A,1,A,NA
46173,56334,50662,50662,PREMON,1510,288.56,192.49,455439,5,166,1.3,1.3,15274,alive,MAIN;A,1,A,NA
46344,56556,5141,5141,MYRLEP,902,170.98,26.61,437286,5,23.7,1.3,1.3,15149,alive,MAIN;A,1,A,NA
46387,56608,5189,5189,SLOBER,1102,209.92,37.86,437300,5,85,1.3,1.3,15152,alive,MAIN;A,1,A,NA
46468,56701,5272,5272,EUGSTA,902,175.18,25.79,437318,5,28.3,1.3,1.3,15149,alive,MAIN;A,1,A,NA
46489,122352,53000,53000,DENARB,512,97.22,223.65,456125,5,82,1.3,1.3,15252,alive,MAIN;A,4,A,NA
46826,122413,53395,135952,CASSYL,1511,289.36,204.1,456213,5,32.5,1.3,1.3,15278,alive,SPROUT;A,2,A,NA
47450,57745,54067,54067,MYRSPL,1011,198.9,206.05,456326,5,17.2,1.3,1.3,15266,alive,MAIN;A;ST,1,A,NA
47566,57871,5419,5419,SLOBER,1503,294,48.5,437371,5,101,1.3,1.3,15181,alive,MAIN;A,3,A,NA
47698,58017,54351,54351,DENARB,611,100.15,217.01,456404,5,38.1,1.3,1.3,15251,alive,MAIN;A,1,A,NA
48009,58388,54742,54742,SAMSPI,911,169.67,203.47,456502,5,25.5,1.3,1.3,15264,alive,MAIN;A,1,A,NA
48010,58389,54743,54743,SLOBER,911,169.88,204.68,456503,5,103,1.3,1.3,15264,alive,MAIN;A,1,A,NA
48261,58659,55059,55059,MYRSPL,711,129.02,201.95,456624,5,16.8,1.3,1.3,15253,alive,MAIN;A,1,A,NA
48401,58808,55220,55220,CECSCH,211,37.41,200.93,456667,5,259,1.4,1.38,15246,alive,MAIN;A,1,A,NA
48435,58844,5527,5527,OXALAU,107,16.04,126.94,437414,5,180,1.3,1.3,15205,alive,MAIN;A,1,A,NA
48489,58910,55352,55352,CECSCH,711,125.88,209.43,456721,5,217,1.5,1.5,15253,alive,MAIN;A,1,A,NA
48667,59094,5556,5556,SLOBER,207,30.56,139.06,437435,5,165,1.15,1.15,15210,alive,MAIN;A,1,A,NA
48907,59356,55892,55892,PREMON,211,33.97,211.86,456824,5,164,1.3,1.3,15246,alive,MAIN;A,1,A,NA
48914,59363,55902,55902,PREMON,111,18.07,214.5,456827,5,161,1.3,1.3,15246,alive,MAIN;A,1,A,NA
48991,59449,5600,5600,PREMON,307,55.38,124.9,437470,5,148,1.35,1.37,15211,alive,MAIN;A,1,A,NA
49060,59529,5650,5650,PREMON,507,87.84,122.57,437507,5,136,1.3,1.3,15211,alive,MAIN;A,1,A,NA
49085,59560,5675,5675,DACEXC,607,103.25,137.99,437527,5,207,1.25,1.25,15212,alive,MAIN;A,1,A,NA
49169,59647,57113,57113,SLOBER,112,13.95,228.45,457176,5,NA,NA,NA,15245,broken below,MAIN;A;LS;B,1,A,NA
49451,59963,57451,57451,SLOBER,312,58.14,227.5,457292,5,63,1.3,1.3,15250,alive,MAIN;A;ST,1,A,NA
49466,59981,57479,57479,ARTALT,412,62.3,234.75,457303,5,55,1.3,1.3,15251,alive,MAIN;A,1,A,NA
49561,60080,5758,5758,PREMON,807,153.55,138.24,437596,5,158,1.3,1.32,15215,alive,MAIN;A,1,A,NA
49694,60229,57725,57725,CHIDOM,512,94.54,224.64,457371,5,43,1.3,1.3,15252,alive,MAIN;A,1,A,NA
49851,60388,57897,57897,SLOBER,712,133.59,220.82,457428,5,32.7,1.3,1.3,15266,alive,MAIN;A,2,A,NA
49953,60533,58030,58030,CECSCH,812,158.28,224.46,457480,5,132,1.35,1.35,15272,alive,MAIN;A,1,A,NA
50089,60688,58187,58187,TRIPAL,912,165.58,234.04,457511,5,39,1.3,1.3,15273,alive,MAIN;A,1,A,NA
50184,60798,5830,5830,MATDOM,1007,191.04,131.8,437645,5,240,1.3,1.3,15238,alive,MAIN;A,1,A,NA
50295,60935,58456,58456,PREMON,1112,200.98,226.98,457579,5,131,1.3,1.3,15274,alive,MAIN;A,1,A,NA
50298,60938,58459,58459,PREMON,1112,203.69,229.07,457582,5,148,1.3,1.31,15274,alive,MAIN;A,1,A,NA
50743,61405,58923,58923,SCHMOR,1212,231.71,231.04,457659,5,140,1.3,1.3,15275,alive,MAIN;A,1,A,NA
50793,61459,58972,58972,CECSCH,1212,234.89,239.03,457669,5,152,1.25,1.24,15275,alive,MAIN;A,1,A,NA
50814,61484,58993,58995,CASARB,1212,234.26,238.67,457674,5,125,1.3,1.3,15275,alive,SPROUT;A,4,A,NA
50930,61628,59142,59142,CASARB,1312,242.02,235.24,457704,5,107,1.3,1.3,15278,alive,MAIN;A,1,A,NA
50946,61649,59161,59161,EUGDOM,1312,242.83,237.27,457711,5,30,1.3,1.3,15278,alive,MAIN;A,1,A,NA
51070,61788,59291,59291,CECSCH,1312,251.16,225.12,457740,5,125,1.3,1.3,15278,alive,MAIN;A,1,A,NA
51120,61840,5934,5934,PREMON,1307,247.01,139.32,437723,5,140,1.3,1.3,15240,alive,MAIN;A,1,A,NA
51197,61935,59427,59427,CASARB,1312,256.85,234.61,457765,5,52,1.3,1.3,15278,alive,MAIN;A,1,A,NA
51405,62166,59640,59640,CECSCH,1412,272.61,223.34,457805,5,104,1.2,1.22,15279,alive,MAIN;A,2,A,NA
51431,62200,5967,5968,COCSWA,1407,266.3,139.39,437752,5,163,1.35,1.33,15240,alive,SPROUT;A,3,A,NA
51448,62217,59689,59689,CECSCH,1412,270.96,231.75,457815,5,190,1.3,1.3,15279,alive,MAIN;A,1,A,NA
51467,62240,5971,5971,EUGSTA,1407,268.47,134.12,437756,5,142,1.3,1.3,15240,alive,MAIN;A,1,A,NA
51786,62645,6010,6010,DACEXC,1507,288.4,135.22,437788,5,344,1.3,1.3,15243,alive,MAIN;A,1,A,NA
51914,62775,6022,6022,DACEXC,1507,291.71,135.93,437795,5,375,1.3,1.3,15243,alive,MAIN;A,1,A,NA
52069,62956,60408,60408,CASSYL,1612,314.51,229.51,457933,5,70,1.35,1.37,15282,alive,MAIN;A,2,A,NA
52166,63088,6055,6055,DACEXC,1607,307.01,131.94,437824,5,141,1.35,1.35,15243,alive,MAIN;A,1,A,NA
52215,63159,60618,60618,MYRDEF,1613,311.88,251.58,457964,5,38.4,1.3,1.32,15306,alive,MAIN;A,1,A,NA
52224,63177,60633,60633,TABHET,1613,312.56,253.06,457966,5,41.4,1.3,1.3,15306,alive,MAIN;A,1,A,NA
52592,63638,61079,61079,SLOBER,1513,285.19,242.43,458068,5,73,1.3,1.28,15306,alive,MAIN;A,1,A,NA
52622,63678,61118,61118,CASARB,1513,287.24,253.21,458078,5,99,1.3,1.3,15306,alive,MAIN;A,2,A,NA
52798,63915,61355,61355,MYRFAL,1413,271.15,258.16,458129,5,17.2,1.3,1.28,15296,alive,MAIN;A,1,A,NA
53314,64527,61987,61987,MYRDEF,1313,245.42,244.78,458329,5,32.3,1.3,1.3,15295,alive,MAIN;A,1,A,NA
53347,64572,62026,62026,SCHMOR,1313,249.36,249.11,458340,5,100,1.15,1.15,15295,alive,MAIN;A,1,A,NA
53540,64804,6226,6226,HIRRUG,1503,280.84,58.3,437879,5,84,1.3,1.3,15181,alive,MAIN;A,1,A,NA
53612,64885,6234,6234,CORBOR,1102,219.2,33.81,437883,5,65,1.3,1.3,15153,alive,MAIN;A,1,A,NA
53946,65297,62775,62775,EUGSTA,1013,182.07,253.78,458479,5,15.1,1.3,1.3,15292,alive,MAIN;A,1,A,NA
54314,65778,63257,63257,MANBID,913,179.53,259.87,458621,5,69,1.3,1.3,15292,alive,MAIN;A,1,A,NA
54402,65882,63357,63357,DACEXC,913,169.15,244.44,458651,5,174,1.3,1.3,15292,alive,MAIN;A,1,A,NA
55196,66823,64315,64315,HIRRUG,1614,303.66,273.12,458953,5,26.5,1.3,1.3,15301,alive,MAIN;A,1,A,NA
56116,68034,6548,6548,SLOBER,208,38.83,145.75,437975,5,162,1.4,1.4,15210,alive,MAIN;A,1,A,NA
56810,68900,6630,6630,DACEXC,508,86.72,147.91,438050,5,498,1.3,1.3,15211,alive,MAIN;A,1,A,NA
56837,123508,66338,143080,CASARB,1414,277.13,272.28,459257,5,NA,NA,NA,15299,stem dead,SPROUT;LS,2,A,NA
56947,69074,66465,66465,CECSCH,1414,273.48,261.28,459290,5,196,1.5,1.48,15299,alive,MAIN;A,1,A,NA
56961,69088,66478,66478,CASARB,1414,270.78,264.68,459297,5,78,1.3,1.3,15299,alive,MAIN;A,1,A,NA
57120,69294,66667,66667,CASARB,1414,267.22,266.47,459339,5,122,1.3,1.3,15299,alive,MAIN;A,1,A,NA
57215,69412,6677,6677,PREMON,608,119.63,148.97,438083,5,147,1.3,1.3,15212,alive,MAIN;A,1,A,NA
57329,69553,66892,66892,CORBOR,1414,264.56,275.35,459405,5,23.5,1.3,1.3,15299,alive,MAIN;A,1,A,NA
57380,155867,66962,171649,SLOBER,1414,273.93,278.68,459427,5,16.6,1.3,1.3,15299,alive,SPROUT;A,3,A,NA
57593,69869,67194,67194,SCHMOR,1415,270.62,292.03,459483,5,54,1.3,1.3,15308,alive,MAIN;A,1,A,NA
57844,70161,67490,67490,CORBOR,1315,241.46,286.59,459564,5,50,1.3,1.3,15307,alive,MAIN;A,1,A,NA
57974,70308,67628,67628,CORBOR,1314,253.15,267.14,459606,5,NA,NA,NA,15296,broken below,MAIN;A;LS;B,1,A,NA
58157,70563,67888,67888,CECSCH,1114,216.39,261.34,459696,5,228,1.3,1.3,15295,alive,MAIN;A,1,A,NA
58338,70772,6808,6808,PREMON,1008,195.43,159.6,438199,5,150,1.35,1.34,15237,alive,MAIN;A,1,A,NA
58380,70818,68128,68128,CECSCH,1215,236.9,295.21,459761,5,249,1.3,1.3,15306,alive,MAIN;A,1,A,NA
58640,71135,68475,68475,UREBAC,1114,209.75,269.29,459835,5,NA,NA,NA,15293,broken below,MAIN;A;LS;B,1,A,NA
58747,71279,68612,68612,CECSCH,1114,200.82,275.4,459872,5,94,1.3,1.3,15293,alive,MAIN;A,1,A,NA
58854,71398,68727,68727,CECSCH,1115,207.81,291.82,459895,5,220,1.35,1.35,15306,alive,MAIN;A,1,A,NA
58911,71481,68813,68813,PREMON,1115,212.6,294.26,459922,5,144,1.3,1.3,15306,alive,MAIN;A,1,A,NA
59074,71668,69,69,PREMON,201,38.21,18.32,434110,5,168,1.3,1.3,15142,alive,MAIN;A,1,A,NA
59165,71770,69105,69105,SAPLAU,1015,189.72,282.8,459981,5,59,1.3,1.3,15299,alive,MAIN;A,1,A,NA
59284,71891,69231,69231,SCHMOR,1015,189.5,297.35,460003,5,62,1.3,1.3,15299,alive,MAIN;A,1,A,NA
59773,72453,69811,69811,ALCFLO,914,160.26,267.78,460166,5,231,1.3,1.3,15292,alive,MAIN;A,1,A,NA
59946,72660,70019,70019,BYRSPI,814,159.1,268.03,460247,5,18.4,1.3,1.32,15292,alive,MAIN;A,1,A,NA
60037,72769,70125,70125,MANBID,814,150.62,277.51,460273,5,69,1.25,1.25,15292,alive,MAIN;A,1,A,NA
60048,72782,70138,70138,MANBID,814,153,278.89,460279,5,77,1.3,1.3,15292,alive,MAIN;A,1,A,NA
60491,73322,70698,70698,CASSYL,615,100.21,293.5,460457,5,26.7,1.4,1.4,15294,alive,MAIN;A,1,A,NA
60508,73342,70717,70717,MYRSPL,615,104.95,286.73,460466,5,127,1.3,1.3,15294,alive,MAIN;A,1,A,NA
60723,73600,70992,70992,PREMON,714,129.81,265.68,460602,5,121,1.3,1.3,15288,alive,MAIN;A,1,A,NA
60814,73703,71082,71084,CORBOR,615,110.82,290.04,460648,5,43.5,1.3,1.3,15294,alive,SPROUT;A,2,A,NA
60995,124218,71305,136841,OCOLEU,515,85.6,299.43,460739,5,55,1.3,1.3,15292,alive,SPROUT;A,2,A,NA
61010,73939,71321,71321,SCHMOR,515,83.34,290.5,460752,5,152,1.3,1.3,15292,alive,MAIN;A,1,A,NA
61076,74017,71403,71403,CASSYL,414,68.6,270.44,460783,5,NA,NA,NA,15282,broken below,MAIN;A;LS;B,1,A,NA
61187,74143,71541,71541,PREMON,315,56.91,287.51,460877,5,130,1.3,1.3,15288,alive,MAIN;A,1,A,NA
61195,74151,71549,71549,PREMON,315,54.44,286.01,460881,5,138,1.3,1.3,15288,alive,MAIN;A,1,A,NA
61269,74232,71632,71632,MANBID,314,43.92,265.85,460919,5,84,1.3,1.3,15281,alive,MAIN;A,1,A,NA
61499,74515,71896,71896,SLOBER,214,39.7,268.4,461059,5,101,1.1,1.12,15281,alive,MAIN;A,1,A,NA
61781,74906,72286,72286,MANBID,114,4.58,267.9,461158,5,120,1.3,1.3,15279,alive,MAIN;A,1,A,NA
61877,75033,72406,72406,LAEPRO,114,15.48,263.75,461203,5,61,1.3,1.3,15279,alive,MAIN;A,1,A,NA
62123,75398,72761,72761,SCHMOR,116,9.7,315.23,461272,5,155,1.25,1.25,15283,alive,MAIN;A,1,A,NA
62224,75516,7288,7288,CASARB,503,96.64,48.49,438433,5,174,1.3,1.3,15168,alive,MAIN;A,1,A,NA
62660,76077,73434,73434,CASARB,117,13.53,328.5,461465,5,39.8,1.3,1.3,15308,alive,MAIN;A,1,A,NA
62715,76143,73501,73501,IXOFER,117,18.99,331.52,461490,5,73,1.3,1.3,15308,alive,MAIN;A,1,A,NA
62808,76252,73604,73604,PREMON,317,44.79,320.54,461508,5,123,1.3,1.3,15309,alive,MAIN;A,1,A,NA
62917,76388,73734,73734,PREMON,317,54.11,330.39,461539,5,169,1.25,1.26,15309,alive,MAIN;A,1,A,NA
62931,76415,73761,73761,TRIPAL,317,56.24,329.82,461546,5,45.8,1.2,1.21,15309,alive,MAIN;A,1,A,NA
62992,76494,73838,73838,EUGSTA,217,23.79,338.8,461572,5,46,1.2,1.21,15308,alive,MAIN;A,1,A,NA
63081,76613,73961,73961,CASSYL,216,38.89,319.62,461612,5,44,1.4,1.38,15287,alive,MAIN;A,1,A,NA
63154,76717,74059,74059,CASSYL,317,56.76,337,461632,5,27,1.3,1.3,15309,alive,MAIN;A,1,A,NA
63205,76783,74125,74125,TETBAL,416,63.34,310.2,461644,5,20.4,1.35,1.33,15288,alive,MAIN;A,1,A,NA
63337,76947,74285,74285,SAMSPI,416,79.28,304.29,461686,5,31,1.3,1.29,15289,alive,MAIN;A,1,A,NA
63865,77578,74897,74897,CASSYL,517,80.24,332.55,461765,5,NA,NA,NA,15313,broken below,MAIN;A;LS;B,2,A,NA
63941,77685,74995,74995,SCHMOR,517,84,338.08,461793,5,173,1.3,1.28,15313,alive,MAIN;A,1,A,NA
63997,77760,75062,75062,CASARB,517,86.01,339.9,461812,5,156,1.3,1.3,15313,alive,MAIN;A,2,A,NA
64070,124680,75147,142467,CASARB,517,99.85,325.18,461838,5,25.5,1.3,1.3,15313,alive,SPROUT;A,3,A,NA
64260,78077,75359,75359,MYRSPL,617,107.62,336.86,461928,5,68,1.3,1.3,15314,alive,MAIN;A,2,A,NA
64643,78621,75856,75856,CORBOR,616,110.21,309.72,462080,5,59,1.3,1.3,15293,alive,MAIN;A,1,A,NA
64739,78739,75974,75974,INGLAU,616,118.82,300.4,462137,5,51,1.3,1.3,15293,alive,MAIN;A,1,A,NA
64743,78744,7598,7598,CORSUL,309,55.47,177.66,438558,5,170,1.4,1.4,15247,alive,MAIN;A,1,A,NA
65289,79519,7674,7674,PREMON,609,102.23,160.32,438615,5,136,1.3,1.3,15251,alive,MAIN;A,1,A,NA
65385,79639,76856,76856,CECSCH,717,125.64,322.04,462369,5,206,1.15,1.15,15314,alive,MAIN;A,1,A,NA
65561,79854,77064,77064,CASSYL,817,141.03,321.46,462434,5,35,1.3,1.3,15315,alive,MAIN;A,1,A,NA
65689,80095,77285,77285,CASARB,916,171.93,309.59,462489,5,NA,NA,NA,15300,broken below,MAIN;A;LS;B,1,A,NA
65728,80141,7733,7733,BUCTET,709,137.67,162.68,438662,5,530,2.8,2.9,15252,alive,MAIN;A,1,A,NA
65801,80219,77408,77408,CASSYL,817,150.15,322.95,462528,5,69,1.3,1.3,15315,alive,MAIN;A,1,A,NA
66056,125042,77770,146027,CECSCH,1017,198.51,325.33,462608,5,125,1.3,1.3,15357,alive,SPROUT;A,2,A,NA
66376,125115,78176,142878,CECSCH,1017,181.57,339.79,462699,5,203,1.3,1.3,15356,alive,SPROUT;A,2,A,NA
66406,81040,78210,78210,CASARB,1017,193.13,332.38,462706,5,145,1.4,1.4,15357,alive,MAIN;A,1,A,NA
66534,81229,78397,78397,INGVER,1117,214.03,336.78,462770,5,136,1.35,1.35,15358,alive,MAIN;A,1,A,NA
66543,81238,78404,78404,CECSCH,1117,209.9,320.07,462775,5,273,1.5,1.48,15358,alive,MAIN;A,1,A,NA
66911,81729,78883,78883,INGVER,1016,186.48,317.81,462872,5,95,1.25,1.26,15300,alive,MAIN;A,1,A,NA
67089,81990,79124,79124,PREMON,1016,197.24,314.33,462937,5,160,1.3,1.3,15301,alive,MAIN;A,1,A,NA
69235,84589,8166,8166,SLOBER,402,65.84,20.84,438881,5,33,1.3,1.3,15145,alive,MAIN;A;ST,3,A,NA
69297,84653,81720,81720,CECSCH,1416,277.05,302.61,463334,5,145,1.3,1.3,15308,alive,MAIN;A,1,A,NA
69583,84987,82066,82066,CASARB,1516,282.01,306.26,463387,5,37,1.25,1.25,15309,alive,MAIN;A,2,A,NA
69752,85180,82249,82249,BYRSPI,1516,285.36,312.17,463415,5,183,1.15,1.15,15309,alive,MAIN;A,1,A,NA
69918,85386,82442,82442,CECSCH,1516,290.71,315.14,463447,5,181,1.3,1.3,15309,alive,MAIN;A,1,A,NA
70021,85524,8258,8258,PREMON,603,111.23,47.36,438910,5,148,1.3,1.3,15168,alive,MAIN;A,1,A,NA
70362,85902,82942,82942,TRIPAL,1516,295.25,315.43,463505,5,20,1.3,1.3,15309,alive,MAIN;A,1,A,NA
70383,85926,82966,82966,SCHMOR,1516,299.9,314.89,463506,5,240,1.3,1.3,15310,alive,MAIN;A,1,A,NA
70395,85938,82978,82978,SCHMOR,1516,298.74,313.61,463507,5,138,1.3,1.3,15310,alive,MAIN;A,1,A,NA
71009,86715,8372,8372,GUAGLA,703,131.56,47.21,438946,5,28.7,1.3,1.3,15169,alive,MAIN;A,1,A,NA
72015,87896,8490,8490,MANBID,603,109.94,59.25,438996,5,84,1.3,1.3,15168,alive,MAIN;A,1,A,NA
72053,87945,84947,84947,MANBID,1418,271.38,354.31,463732,5,45.3,1.3,1.3,15359,alive,MAIN;A,1,A,NA
72188,88109,8510,8510,SLOBER,110,8.83,189.63,439011,5,150,1.45,1.45,15244,alive,MAIN;A,1,A,NA
72227,88165,85149,85149,MYRSPL,1619,308.94,370.11,463761,5,38.6,1.3,1.3,15362,alive,MAIN;A,1,A,NA
72563,88533,8551,8551,CORSUL,210,33.76,196.95,439038,5,131,1.5,1.48,15245,alive,MAIN;A,1,A,NA
73098,89196,861,861,DACEXC,103,12.87,51.44,434592,5,67,1.3,1.3,15161,alive,MAIN;A,1,A,NA
73304,89437,8634,8634,PREMON,510,93.08,190.22,439096,5,174,1.35,1.33,15250,alive,MAIN;A,1,A,NA
73348,89483,86381,86381,GUAGUI,1419,267.28,370.88,463896,5,108,1.3,1.3,15359,alive,MAIN;A,1,A,NA
74657,90973,87844,87844,CASSYL,1218,236.67,353.05,464129,5,28,1.3,1.3,15358,alive,MAIN;A,1,A,NA
74691,91026,879,879,MANBID,103,10.97,53.49,434603,5,35.5,1.3,1.3,15161,alive,MAIN;A,1,A,NA
74789,91139,88001,88001,CORBOR,1218,231.83,354.86,464146,5,34.3,1.3,1.3,15357,alive,MAIN;A,1,A,NA
74822,126294,88040,148510,CASSYL,1218,230.52,357.84,464155,5,35.8,1.3,1.3,15357,alive,SPROUT;A,2,A,NA
74884,91253,8811,8811,HOMRAC,1010,189.22,183.12,439222,5,333,1.8,1.8,15264,alive,MAIN;A,3,A,NA
74955,91345,88202,88202,CECSCH,1119,214.4,364.64,464188,5,240,1.45,1.45,15358,alive,MAIN;A,1,A,NA
75121,91549,8840,8840,BUCTET,1110,210.26,181.43,439242,5,152,1.2,1.2,15265,alive,MAIN;A,1,A,NA
75122,91550,88400,88400,CORBOR,1119,204.15,372.19,464223,5,37.1,1.3,1.3,15357,alive,MAIN;A,1,A,NA
75486,91986,88840,88840,SCHMOR,1118,202.83,351.99,464310,5,61,1.3,1.3,15357,alive,MAIN;A,1,A,NA
75553,92082,88934,88934,TETBAL,1118,206.74,358.15,464320,5,65,1.3,1.28,15357,alive,MAIN;A,1,A,NA
75754,92330,8917,8917,TABHET,1310,248,180.74,439264,5,117,1.3,1.3,15272,alive,MAIN;A,1,A,NA
76027,92646,89468,89468,PREMON,919,178.44,372.19,464437,5,154,1.3,1.3,15356,alive,MAIN;A,1,A,NA
76186,160888,89629,175062,CASARB,819,144.48,361.21,486576,5,12.7,1.3,1.3,15317,alive,SPROUT;A,5,A,NA
76517,93225,90024,90024,INGLAU,1018,194.55,349.43,464510,5,86,1.3,1.3,15356,alive,MAIN;A,1,A,NA
76743,93487,90270,90270,PREMON,918,167.68,353.82,464544,5,131,1.3,1.3,15356,alive,MAIN;A,1,A,NA
77437,94310,9106,9106,HIRRUG,203,37.47,58.17,439390,5,81,1.25,1.27,15166,alive,MAIN;A,1,A,NA
77836,94758,91491,91491,CORBOR,718,137.27,355.1,464690,5,NA,NA,NA,15315,broken below,MAIN;A;LS;B,1,A,NA
77840,94762,91496,91496,CECSCH,718,137.64,355.95,464691,5,323,1.3,1.3,15315,alive,MAIN;A,1,A,NA
78221,95215,91969,91969,ALCFLO,518,90.43,340.32,464792,5,197,1.2,1.21,15314,alive,MAIN;A,1,A,NA
78283,95293,92043,92043,CASARB,618,116.92,351.5,464815,5,79,1.35,1.36,15315,alive,MAIN;A,1,A,NA
78339,95352,92102,92102,CASSYL,618,111.59,348.82,464829,5,24.6,1.3,1.3,15315,alive,MAIN;A,1,A,NA
78686,126785,92556,143515,SLOBER,418,71.01,344.49,464973,5,36,1.3,1.3,15313,alive,SPROUT;A,2,A,NA
78779,126795,92684,145651,OCOLEU,719,129.4,379.7,465003,5,15.7,1.3,1.3,15317,alive,SPROUT;A,2,A,NA
79174,96382,93148,93148,SCHMOR,619,106.01,360.33,465076,5,61,1.3,1.3,15317,alive,MAIN;A,1,A,NA
79514,126890,93562,143487,SCHMOR,418,69.42,356.88,465135,5,37.2,1.3,1.3,15313,alive,SPROUT;A,2,A,NA
79538,96852,93593,93593,CECSCH,418,64.83,354.02,465153,5,211,1.35,1.35,15313,alive,MAIN;A,1,A,NA
79935,97316,94040,94040,OCOLEU,319,45.8,375.7,465244,5,NA,NA,NA,15310,broken below,MAIN;A;LS;B,1,A,NA
80161,97607,94356,94356,CECSCH,219,28.78,371.26,465364,5,219,1.25,1.24,15314,alive,MAIN;A,1,A,NA
80308,97791,94535,94535,IXOFER,118,4.84,341.36,465419,5,33.4,1.3,1.3,15309,alive,MAIN;A,1,A,NA
80381,97884,94621,94375,CASARB,219,29.08,374.48,465463,5,74,1.3,1.3,15314,alive,SPROUT;A,4,A,NA
80493,98031,9477,9477,MANBID,311,45.88,200.16,439568,5,407,1.35,1.36,15247,alive,MAIN;A,1,A,NA
80881,98521,9525,9525,DENARB,511,89.67,219.62,439607,5,333,1.35,1.35,15250,alive,MAIN;A,1,A,NA
81524,99280,9598,9598,GUAGUI,710,137.15,180.88,439669,5,151,1.3,1.3,15251,alive,MAIN;A,1,A,NA
81565,99333,96023,96023,COMGLA,1621,318.97,403.06,465717,5,NA,NA,NA,15379,broken below,MAIN;A;LS;B,1,A,NA
81602,99387,9607,9607,PREMON,711,121.72,208.98,439675,5,180,1.3,1.3,15253,alive,MAIN;A,1,A,NA
81621,99406,9609,9609,PREMON,711,120.05,216.51,439676,5,142,1.35,1.35,15253,alive,MAIN;A,1,A,NA
81736,99532,9621,9621,PREMON,711,134.58,218.08,439684,5,197,1.35,1.34,15253,alive,MAIN;A,1,A,NA
81804,99602,96278,96278,CASARB,1521,289.75,408.75,465758,5,188,1.3,1.3,15379,alive,MAIN;A,1,A,NA
82139,100013,96690,96690,CORBOR,1321,250.93,402.41,465812,5,21.2,1.3,1.3,15378,alive,MAIN;A,1,A,NA
82264,100164,96845,96845,CECSCH,1321,258.68,413.57,465870,5,172,1.3,1.3,15378,alive,MAIN;A,1,A,NA
82412,156100,97020,172425,LAEPRO,1321,246.18,413.07,465933,5,91,1.3,1.3,15378,alive,SPROUT;A,3,A,NA
82515,100482,97140,97140,MICAFF,1320,242.41,395.8,465995,5,NA,NA,NA,15383,broken below,MAIN;A;LS;B,3,A,NA
82590,100570,97234,97234,SLOBER,1420,263.22,392.55,466021,5,94,1.3,1.3,15386,alive,MAIN;A,1,A,NA
82991,101056,97728,97728,PREMON,1320,244.7,384.7,466116,5,148,1.3,1.3,15383,alive,MAIN;A,1,A,NA
84220,127684,99306,153154,MICPRA,1020,181.51,384.36,466410,5,16,1.3,1.3,15378,alive,SPROUT;A,3,A,NA
84223,127687,99312,51974,CASSYL,1020,180.87,382.89,466412,5,38.2,1.3,1.3,15378,alive,SPROUT;A,3,A,NA
84254,102710,9936,9936,PREMON,1611,302.96,215.35,439917,5,168,1.25,1.24,15280,alive,MAIN;A;T,1,A,NA
84294,102761,99409,99409,SLOBER,920,179,390.19,466438,5,35.2,1.3,1.3,15377,alive,MAIN;A,1,A,NA
84733,103333,99957,99957,SCHMOR,921,165.95,410.29,466566,5,229,1.2,1.18,15373,alive,MAIN;A,1,A,NA
84783,103386,100712,100712,PREMON,821,143.54,410.84,466744,5,151,1.3,1.3,15370,alive,MAIN;A,1,A,NA
84785,103388,101145,101145,PREMON,820,155.93,391.19,466851,5,144,1.3,1.3,15376,alive,MAIN;A,1,A,NA
84837,103440,10611,10611,PREMON,412,66.49,225.92,440409,5,172,1.3,1.3,15251,alive,MAIN;A,1,A,NA
84871,103474,109440,109440,PREMON,522,85.85,429.48,468860,5,135,1.3,1.3,15369,alive,MAIN;A,1,A,NA
84972,103575,116878,116878,PREMON,923,175.91,440.32,470404,5,176,1.3,1.3,15404,alive,MAIN;A,1,A,NA
84974,103577,117011,117011,PREMON,1024,183.03,477.08,470440,5,134,1.25,1.24,15397,alive,MAIN;A,1,A,NA
84983,103586,117539,117539,PREMON,923,160.58,441.13,470519,5,133,1.35,1.35,15401,alive,MAIN;A,1,A,NA
84984,103587,11763,11763,PREMON,1001,180.67,13,440999,5,136,1.3,1.3,15153,alive,MAIN;A,1,A,NA
85012,103615,119926,119926,PREMON,724,124.89,466.1,471072,5,93,1.3,1.3,15392,alive,MAIN;A,1,A,NA
85042,103645,121971,121971,PREMON,523,90.66,443.28,471624,5,136,1.3,1.3,15393,alive,MAIN;A,1,A,NA
85054,103657,12286,12286,PREMON,714,127.77,264.67,441276,5,133,1.3,1.3,15288,alive,MAIN;A,1,A,NA
85081,103684,125997,125997,PREMON,123,0.39,441.2,472754,5,140,1.3,1.3,15385,alive,MAIN;A,1,A,NA
85807,104475,127350,127350,MYRSPL,1021,186.52,412.31,473066,5,13.9,1.3,1.3,15376,alive,MAIN;A,1,A,NA
86254,104961,128203,128203,CASARB,324,59.87,461.64,473245,5,75,1.3,1.3,15386,alive,MAIN;A,1,A,NA
86262,104969,128221,128221,BYRSPI,523,99.5,444.7,473258,5,29.3,1.3,1.3,15394,alive,MAIN;A,1,A,NA
86613,105356,128889,128889,BYRSPI,924,169.37,463.66,473417,5,38.5,1.25,1.25,15397,alive,MAIN;A,1,A,NA
87168,105946,16157,16157,PREMON,502,88.06,25.6,443686,5,157,1.3,1.3,15146,alive,MAIN;A,1,A,NA
87190,105968,18600,18600,PREMON,124,2.76,464.1,445223,5,125,1.3,1.3,15385,alive,MAIN;A,1,A,NA
87273,106051,25558,25558,PREMON,1306,243.01,105.14,448464,5,125,1.3,1.3,15197,alive,MAIN;A,1,A,NA
87321,106099,26148,26148,SLOBER,409,60.49,166.59,448620,5,53,1.3,1.3,15247,alive,MAIN;A,1,A,NA
87503,106313,26445,26445,CECSCH,909,162.31,165.33,448714,5,102,1.4,1.4,15261,alive,MAIN;A,2,A,NA
87627,106441,30763,30763,PREMON,1207,236.51,130.89,450408,5,156,1.3,1.3,15239,alive,MAIN;A,1,A,NA
87798,106615,33764,33764,SLOBER,301,43.02,2.07,451204,5,21.3,1.3,1.3,15142,alive,MAIN;A,1,A,NA
87843,106667,33939,33939,SLOBER,803,150.08,55.3,451252,5,20.5,1.3,1.3,15169,alive,MAIN;A,1,A,NA
87927,106764,35129,35129,SLOBER,1310,258.76,191.2,451336,5,57,1.3,1.28,15272,alive,MAIN;A,1,A,NA
88235,107087,35690,35690,CASARB,1507,290.27,134.52,451499,5,20.9,1.3,1.3,15243,alive,MAIN;A,1,A,NA
88680,121194,36643,139332,DACEXC,913,161.4,244.65,451774,5,38.8,1.3,1.3,15292,alive,SPROUT;A,3,A,NA
88768,107699,36806,36806,MICPRA,1514,292.4,273.56,451803,5,15.2,1.3,1.3,15301,alive,MAIN;A,1,A,NA
89105,108085,37565,37565,CECSCH,919,161,366.88,451948,5,276,1.55,1.55,15356,alive,MAIN;A,1,A,NA
89331,108321,38044,38044,TETBAL,115,1.44,284.27,452085,5,NA,NA,NA,15281,stem dead,MAIN;A;LS;DP;ST,1,A,NA
89383,108381,38141,38141,OCOLEU,616,101.03,308.54,452105,5,NA,NA,NA,15292,stem dead,MAIN;A;LS;DP;ST,1,A,NA
90089,109206,39904,39904,INGLAU,319,47.7,369.8,452454,5,31.8,1.3,1.3,15310,alive,MAIN;A,1,A,NA
90176,121436,40290,129886,CORBOR,501,88.93,4.91,452564,5,45,1.4,1.4,15147,alive,SPROUT;A,2,A,NA
90212,109340,40404,40404,PREMON,1110,211.26,195.22,452610,5,106,1.3,1.3,15265,alive,MAIN;A,1,A,NA
90400,109538,43089,43089,PREMON,208,32.69,147,453476,5,164,1.3,1.3,15205,alive,MAIN;A,1,A,NA
90460,109601,43423,43423,SLOBER,1103,205.7,46.04,453553,5,NA,NA,NA,15174,broken below,MAIN;A;LS;B,1,A,NA
90496,109639,43488,43488,SCHMOR,1302,256.74,34.7,453572,5,122,1.3,1.3,15154,alive,MAIN;A,1,A,NA
90764,109954,43897,43897,SLOBER,1602,305.35,28.5,453657,5,24.6,1.3,1.3,15160,alive,MAIN;A,1,A,NA
90997,110209,44240,44240,SLOBER,1104,204.33,77.55,453728,5,NA,NA,NA,15180,broken below,MAIN;A;LS;B,1,A,NA
91073,110291,44359,44359,HIRRUG,1503,295.08,41.24,453757,5,19.9,1.3,1.3,15182,alive,MAIN;A;ST,1,A,NA
91078,110297,44369,44369,HIRRUG,1603,302.77,40.7,453759,5,16,1.3,1.3,15182,alive,MAIN;A,1,A,NA
91135,110358,44460,44460,CORBOR,1306,257.99,114.21,453796,5,26.4,1.3,1.3,15197,alive,MAIN;A,1,A,NA
91431,110680,44939,44939,SLOBER,505,86.92,86.72,453938,5,NA,NA,NA,15191,broken below,MAIN;A;LS;B,1,A,NA
91483,110735,45168,45168,PREMON,1609,317.28,171.96,454035,5,133,1.3,1.3,15278,alive,MAIN;A,1,A,NA
91484,110736,45179,45179,PREMON,1609,316.99,165.56,454044,5,155,1.3,1.3,15278,alive,MAIN;A,1,A,NA
91497,110749,45561,45561,PREMON,1109,217.24,160.12,454228,5,140,1.3,1.3,15266,alive,MAIN;A,1,A,NA
91556,110811,45897,45897,PREMON,909,173.73,164.58,454371,5,127,1.3,1.3,15261,alive,MAIN;A,1,A,NA
91798,111080,49012,49012,PREMON,314,56.67,267.22,454941,5,135,1.3,1.3,15282,alive,MAIN;A,1,A,NA
91994,160685,49440,174696,MICPRA,1615,300.65,283.84,486373,5,11.7,1.3,1.3,15309,alive,SPROUT;A,2,A,NA
92311,111662,50609,50609,PREMON,1210,239.94,194.12,455428,5,155,1.3,1.3,15266,alive,MAIN;A,1,A,NA
92313,111664,50687,50687,PREMON,1610,300.55,193.05,455446,5,142,1.3,1.3,15275,alive,MAIN;A,1,A,NA
92538,111917,51220,51220,BYRSPI,1114,214.05,260.3,455626,5,24,1.3,1.3,15293,alive,MAIN;A,1,A,NA
92611,111996,51377,51377,DACEXC,813,155.81,255.62,455684,5,23.8,1.3,1.28,15287,alive,MAIN;A,1,A,NA
92748,112145,51655,51655,MANBID,1218,235.84,354.08,455772,5,42,1.3,1.3,15358,alive,MAIN;A,1,A,NA
92906,122285,51986,153230,CASARB,1020,186.76,391.89,455861,5,18.9,1.3,1.3,15378,alive,SPROUT;A;ST,3,A,NA
92908,122287,51989,153319,CASARB,1020,190.33,385.43,455863,5,16.1,1.3,1.3,15378,alive,SPROUT;A,2,A,NA
93420,112900,53563,53563,PREMON,1311,255.74,212.41,456254,5,146,1.3,1.3,15275,alive,MAIN;A,1,A,NA
93669,122666,56383,136263,DACEXC,1108,208.29,147.56,456969,5,34.8,1.3,1.3,15239,alive,SPROUT;A,3,A,NA
93838,113353,56688,56688,CHIDOM,814,158.87,270.72,457059,5,18.7,1.3,1.3,15292,alive,MAIN;A,1,A,NA
93864,113382,56729,56729,CASARB,1508,283.82,150.19,457075,5,30.2,1.3,1.3,15244,alive,MAIN;A,1,A,NA
94009,113544,60419,60419,PREMON,1612,315.77,230.64,457936,5,182,1.3,1.3,15282,alive,MAIN;A,1,A,NA
94059,113594,63849,63849,PREMON,113,10.83,253.85,458877,5,159,1.3,1.3,15280,alive,MAIN;A,1,A,NA
94148,113683,70546,70546,PREMON,715,134.02,289,460393,5,140,1.3,1.3,15294,alive,MAIN;A,1,A,NA
94152,113687,70612,70612,PREMON,615,119.43,294.41,460417,5,156,1.25,1.24,15294,alive,MAIN;A,1,A,NA
94168,113703,71524,71524,PREMON,315,56.7,294.52,460864,5,182,1.3,1.3,15288,alive,MAIN;A,1,A,NA
94183,113718,71990,71990,PREMON,115,17.47,297.44,461095,5,123,1.3,1.3,15281,alive,MAIN;A,1,A,NA
94269,113804,7922,7922,PREMON,1409,274.96,168.12,438776,5,153,1.3,1.3,15272,alive,MAIN;A,1,A,NA
94330,113865,87240,87240,PREMON,1219,230.73,373.52,464033,5,129,1.3,1.3,15358,alive,MAIN;A,1,A,NA
94332,113867,87325,87325,PREMON,1119,215.4,365.39,464050,5,129,1.3,1.3,15358,alive,MAIN;A,1,A,NA
94412,113947,95113,95113,PREMON,218,36.75,342.76,465619,5,100,1.35,1.35,15309,alive,MAIN;A,1,A,NA
94476,114011,98314,98314,PREMON,1220,239.3,382.47,466238,5,128,1.3,1.3,15383,alive,MAIN;A,1,A,NA
94481,114016,98854,98854,PREMON,1120,211.24,388.29,466332,5,134,1.3,1.3,15379,alive,MAIN;A,1,A,NA
94661,128011,113372,113372,PREMON,1325,246.39,489.42,469664,5,129,1.3,1.3,15406,alive,MAIN;A,1,A,NA
94672,128022,113770,113770,PREMON,1324,257.83,466.24,469753,5,125,1.3,1.3,15399,alive,MAIN;A,1,A,NA
94700,128050,115217,115217,PREMON,1124,215.98,473.9,470007,5,128,1.3,1.3,15398,alive,MAIN;A,1,A,NA
94754,128104,117970,117970,PREMON,924,177.55,466.7,470599,5,131,1.3,1.3,15397,alive,MAIN;A,1,A,NA
94771,128121,118674,118674,PREMON,824,141.92,477.29,470738,5,121,1.3,1.3,15394,alive,MAIN;A,1,A,NA
94786,128136,119555,119555,PREMON,723,136.38,449.66,470983,5,117,1.3,1.3,15399,alive,MAIN;A,1,A,NA
94831,128181,12253,12253,PREMON,614,115.54,270.53,441243,5,188,1.3,1.3,15287,alive,MAIN;A,1,A,NA
94838,128188,123320,123320,PREMON,423,62.23,451.73,471949,5,151,1.3,1.3,15391,alive,MAIN;A,1,A,NA
94862,128212,125869,125869,PREMON,123,3.14,458.02,472706,5,151,1.3,1.3,15385,alive,MAIN;A,1,A,NA
94868,128218,126082,126082,PREMON,402,66.97,34.7,472783,5,146,1.3,1.3,15145,alive,MAIN;A,1,A,NA
94888,128238,126685,126685,PREMON,1621,308.08,404.6,472905,5,143,1.3,1.3,15379,alive,MAIN;A,1,A,NA
94953,128303,127907,127907,PREMON,822,142.66,425.23,473164,5,113,1.3,1.3,15373,alive,MAIN;A,1,A,NA
94972,128322,128601,128601,PREMON,723,124.46,459.88,473362,5,100,1.3,1.3,15399,alive,MAIN;A,1,A,NA
94982,128332,128872,128872,PREMON,824,157.86,466.56,473411,5,132,1.35,1.33,15394,alive,MAIN;A,1,A,NA
95108,128488,129839,129839,BUCTET,501,83.95,4.43,473662,5,34.9,1.3,1.3,15146,alive,MAIN;A,1,A,NA
95354,128774,130481,130481,CORBOR,505,80.47,82.44,473855,5,16.2,1.3,1.3,15191,alive,MAIN;A,1,A,NA
95376,128798,130550,130550,SLOBER,905,174.43,81.96,473888,5,18.3,1.3,1.3,15196,alive,MAIN;A;C,1,A,NA
95492,161066,130897,173675,SLOBER,608,114.5,157.34,486754,5,13.5,1.3,1.3,15212,alive,SPROUT;A,2,A,NA
95656,129113,131519,131519,OCOLEU,402,79.74,22.76,474157,5,23.6,1.3,1.3,15145,alive,MAIN;A;C,1,A,NA
95662,129119,131531,131531,SWIMAC,502,81.38,35.17,474162,5,49.2,1.3,1.3,15146,alive,MAIN;A,1,A,NA
95667,129124,131542,131542,CASSYL,502,85.52,35.52,474167,5,24.5,1.3,1.3,15146,alive,MAIN;A,1,A,NA
95759,129221,131736,131736,CASARB,1502,292.34,24.7,474252,5,25.7,1.3,1.3,15159,alive,MAIN;A,1,A,NA
95808,129274,131802,131802,CASARB,1602,316.3,30.09,474300,5,31.1,1.3,1.3,15160,alive,MAIN;A,1,A,NA
95932,129432,132070,132070,CORBOR,203,27.52,46.12,474421,5,14,1.3,1.3,15163,alive,MAIN;A,1,A,NA
95966,129471,132133,132133,CASARB,303,41.28,44.13,474446,5,61,1.3,1.3,15166,alive,MAIN;A,1,A,NA
95968,129473,132135,132135,EUGDOM,303,43.53,43.2,474448,5,86,1.3,1.3,15166,alive,MAIN;A,1,A,NA
95971,129477,132139,132139,DENARB,303,44.65,44.03,474452,5,17.4,1.3,1.3,15166,alive,MAIN;A;ST,1,A,NA
96051,129565,132348,132348,HIRRUG,1403,278,40.62,474523,5,12.9,1.3,1.3,15181,alive,MAIN;A,1,A,NA
96056,129570,132353,132353,HIRRUG,1503,280.13,43.64,474526,5,15.2,1.3,1.3,15181,alive,MAIN;A,1,A,NA
96284,129825,132966,132966,MANBID,1209,222.1,166,474711,5,17.5,1.3,1.3,15266,alive,MAIN;A,1,A,NA
96299,129842,133001,133001,MYRLEP,104,3.25,63.09,474727,5,13.6,1.3,1.3,15166,alive,MAIN;A,1,A,NA
96433,129989,133293,133293,MICPRA,1504,294.37,66.48,474844,5,16.2,1.3,1.3,15183,alive,MAIN;A,1,A,NA
96535,130096,133715,133715,CECSCH,907,167.45,131.39,474942,5,72,1.3,1.3,15238,alive,MAIN;A;R;ST,2,A,NA
96559,130122,133743,133743,SLOBER,907,166.57,123.47,474960,5,14.2,1.3,1.3,15238,alive,MAIN;A,1,A,NA
96585,130148,133777,133777,CECSCH,907,171.45,127.37,474967,5,102,1.3,1.3,15238,alive,MAIN;A,1,A,NA
96635,130204,133848,133848,TETBAL,1007,182.51,124.6,475001,5,16.3,1.3,1.3,15237,alive,MAIN;A,1,A,NA
96716,130288,133993,133993,SLOBER,1307,255.65,122.02,475071,5,13,1.3,1.3,15240,alive,MAIN;A,2,A,NA
96824,130401,134263,134263,HIRRUG,1406,270.65,103.26,475154,5,25,1.3,1.3,15201,alive,MAIN;A,1,A,NA
96887,130468,134540,134540,SLOBER,510,81.29,186.71,475202,5,14.3,1.3,1.3,15250,alive,MAIN;A,1,A,NA
96963,130553,134707,134707,TETBAL,610,113.97,182.33,475236,5,18.6,1.3,1.3,15251,alive,MAIN;A,1,A,NA
97084,130683,134926,134926,GUAGUI,610,119.87,184.69,475318,5,NA,NA,NA,15251,stem dead,MAIN;A;LS;DP;ST,1,A,NA
97108,130709,134959,134959,TABHET,810,150.46,181.47,475334,5,30.4,1.3,1.3,15257,alive,MAIN;A,1,A,NA
97631,131297,136203,136203,MYRDEF,1008,197.01,148.41,475659,5,14.5,1.3,1.3,15237,alive,MAIN;A;ST,1,A,NA
97662,131336,136251,136251,TETBAL,1108,207.43,151.42,475684,5,16.6,1.3,1.29,15239,alive,MAIN;A,1,A,NA
97819,131507,136516,136516,INGLAU,115,7.59,299.84,475804,5,30.5,1.3,1.3,15281,alive,MAIN;A,1,A,NA
97871,131562,136614,136614,FAROCC,215,33.52,286.42,475843,5,26.1,1.3,1.3,15288,alive,MAIN;A,1,A,NA
97912,131604,136699,136699,CASSYL,415,69.86,296.33,475875,5,NA,NA,NA,15288,broken below,MAIN;A;LS;B,1,A,NA
98072,131788,136968,136968,MANBID,615,118.33,285.68,475991,5,33.4,1.35,1.35,15294,alive,MAIN;A,1,A,NA
98074,131790,136972,136972,GUTCAR,615,117.98,287.98,475993,5,23.8,1.3,1.3,15294,alive,MAIN;A,1,A,NA
98124,131842,137075,137075,MANBID,1210,220.6,185.61,476036,5,23,1.3,1.3,15265,alive,MAIN;A,2,A,NA
98196,161104,137190,174180,CORBOR,1310,249.93,189.88,486792,5,17.3,1.3,1.3,15272,alive,SPROUT;A,2,A,NA
98407,132150,137577,137577,SYZJAM,612,111.41,223.25,476218,5,19.1,1.3,1.3,15252,alive,MAIN;A,1,A,NA
98500,132249,137807,137807,OCOLEU,1112,204.93,239.39,476283,5,NA,NA,NA,15274,broken below,MAIN;A;LS;B,1,A,NA
98607,156415,138030,171170,CASARB,1409,271.22,176.83,476370,5,13,1.3,1.3,15272,alive,SPROUT;A,2,A,NA
98621,132394,138077,138077,MANBID,1208,227.12,150.83,476386,5,19.1,1.3,1.3,15239,alive,MAIN;A,1,A,NA
98663,132439,138146,138146,MICTET,1408,267.75,154.15,476424,5,43.1,1.3,1.3,15243,alive,MAIN;A,1,A,NA
98778,132572,138366,138366,TABHET,114,19.93,275.81,476519,5,14.5,1.3,1.3,15279,alive,MAIN;A,1,A,NA
98783,132577,138373,138373,CASSYL,114,15.14,262.74,476524,5,43.7,1.3,1.3,15279,alive,MAIN;A,1,A,NA
98940,132754,138778,138778,UREBAC,1014,196.24,261.57,476650,5,NA,NA,NA,15293,broken below,MAIN;A;LS;B,2,A,NA
99136,132984,139235,139236,GUTCAR,713,127.68,259.42,476814,5,24.1,1.3,1.3,15287,alive,SPROUT;A,2,A,NA
99187,133039,139351,139351,SLOBER,913,167.4,249.51,476860,5,14.5,1.3,1.3,15292,alive,MAIN;A,1,A,NA
99189,161122,139359,174375,MICIMP,913,170.79,249.1,486810,5,10.2,1.3,1.3,15292,alive,SPROUT;A,2,A,NA
99428,133311,139893,139893,SCHMOR,1613,307.58,244.88,477041,5,100,1.3,1.3,15307,alive,MAIN;A,1,A,NA
99470,133356,139980,139980,SLOBER,116,14.01,309.06,477076,5,19.5,1.3,1.3,15283,alive,MAIN;A,1,A,NA
99626,133520,140172,140172,SCHMOR,216,32.08,303.25,477132,5,165,1.3,1.3,15287,alive,MAIN;A,1,A,NA
99811,133732,140497,140497,SCHMOR,516,88.97,310.56,477250,5,63,1.3,1.3,15289,alive,MAIN;A,1,A,NA
100387,134381,141877,141877,MYRSPL,1016,196.84,302.67,477651,5,33,1.3,1.3,15301,alive,MAIN;A,1,A,NA
100670,134707,142411,142411,PREMON,517,88.93,334.52,477789,5,138,1.3,1.3,15313,alive,MAIN;A,1,A,NA
100714,134765,142518,142518,SAMSPI,617,110.58,328.95,477830,5,14.9,1.3,1.3,15314,alive,MAIN;A;ST,1,A,NA
100753,134809,142627,142627,SYZJAM,717,135.68,332.52,477866,5,15.2,1.3,1.3,15315,alive,MAIN;A,1,A,NA
100945,135021,143085,143085,MYRDEF,1414,278.24,265.28,477975,5,17.2,1.3,1.3,15299,alive,MAIN;A,1,A,NA
100989,135066,143195,143195,CASSYL,1614,308.01,265.76,478013,5,14.5,1.3,1.3,15301,alive,MAIN;A,1,A,NA
101172,135275,143593,143593,CASSYL,518,88.06,357.94,478126,5,33.3,1.3,1.3,15314,alive,MAIN;A,2,A,NA
101434,135554,144110,144110,CASARB,1516,297.48,312.73,478206,5,NA,NA,NA,15310,broken below,MAIN;A;LS;B,1,A,NA
101465,135585,144168,144168,FAROCC,120,4.76,382.65,478237,5,18.4,1.3,1.3,15365,alive,MAIN;A,1,A,NA
101480,135601,144190,144190,FAROCC,120,8.75,383.18,478249,5,18.2,1.3,1.3,15365,alive,MAIN;A,1,A,NA
101507,135631,144228,144228,MANBID,120,19.5,393.6,478271,5,NA,NA,NA,15365,broken below,MAIN;A;LS;B,1,A,NA
101846,136004,144790,144790,SLOBER,520,90.17,382.65,478395,5,26.4,1.3,1.3,15371,alive,MAIN;A,1,A,NA
102010,136189,145031,145031,FAROCC,119,6.33,363.65,478460,5,16.2,1.3,1.3,15310,alive,MAIN;A,1,A,NA
102088,136271,145186,145186,PREMON,319,49.8,366.8,478521,5,112,1.25,1.27,15310,alive,MAIN;A,1,A,NA
102162,136357,145322,145323,INGLAU,519,81.08,378.42,478570,5,28.4,1.3,1.3,15315,alive,SPROUT;A,2,A,NA
102212,136416,145400,145401,PSYBRA,519,96.97,373.1,478598,5,11.8,1.3,1.3,15315,alive,SPROUT;A,2,A,NA
102342,136555,145582,145582,SLOBER,619,115.36,376.04,478661,5,18.5,1.3,1.3,15317,alive,MAIN;A,2,A,NA
102456,136684,145784,145784,PSYBER,819,143.21,377.03,478710,5,39.3,1.3,1.3,15317,alive,MAIN;A,1,A,NA
102684,136926,146129,146129,PSYBRA,1117,209.92,326.01,478808,5,NA,NA,NA,15358,broken below,MAIN;A;LS;B,1,A,NA
102975,137239,146699,146699,INGLAU,1517,295.72,331.23,478915,5,28.7,1.3,1.3,15363,alive,MAIN;A,1,A,NA
102984,137249,146722,146722,CASARB,1617,302,320.02,478924,5,NA,NA,NA,15363,broken below,MAIN;A;LS;B,1,A,NA
103254,137551,147149,147149,CASARB,1019,190.81,366.77,479053,5,19,1.3,1.3,15357,alive,MAIN;A,1,A,NA
103887,138221,148273,148273,SLOBER,1018,187.71,349.32,479252,5,31.8,1.3,1.3,15356,alive,MAIN;A,2,A,NA
104052,138402,148502,148502,PSYBRA,1218,231.35,354.17,479295,5,13.8,1.3,1.3,15357,alive,MAIN;A,2,A,NA
104274,138642,148818,148818,PSYBRA,1318,245.67,351.52,479381,5,21.6,1.3,1.3,15358,alive,MAIN;A,1,A,NA
104305,138680,148865,148865,INGLAU,1318,254.95,347.34,479398,5,22.4,1.3,1.3,15358,alive,MAIN;A,1,A,NA
104431,138823,149075,149075,CASARB,620,114.56,389.46,479442,5,43,1.3,1.3,15372,alive,MAIN;A,1,A,NA
104533,138936,149224,149224,CASARB,720,122.66,387.48,479477,5,16,1.3,1.3,15373,alive,MAIN;A;ST,1,A,NA
104760,139181,149560,149560,ALCFLO,820,140.12,395.13,479553,5,83,1.3,1.3,15376,alive,MAIN;A,1,A,NA
104896,139325,149768,149768,ORMKRU,820,150.82,394.27,479589,5,NA,NA,NA,15376,broken below,MAIN;A;LS;B,1,A,NA
105005,139464,149950,149950,PSYBRA,920,160.97,388.39,479627,5,28.9,1.3,1.3,15377,alive,MAIN;A,1,A,NA
105024,139486,149995,149995,CASARB,920,169.32,399.32,479637,5,15.4,1.3,1.3,15377,alive,MAIN;A,1,A,NA
105029,139492,150002,150002,TETBAL,221,28.05,401.28,479640,5,16.8,1.3,1.3,15364,alive,MAIN;A,1,A,NA
105206,139672,150232,150232,PSYBER,321,57.45,414.43,479695,5,51,1.3,1.3,15365,alive,MAIN;A,1,A,NA
105604,140084,150684,150684,MANBID,421,72.67,409.76,479817,5,13,1.3,1.3,15366,alive,MAIN;A,1,A,NA
105638,140122,150721,150721,CASARB,421,71.7,418.8,479823,5,NA,NA,NA,15366,broken below,MAIN;A;LS;B,1,A,NA
106262,140809,151760,151760,PREMON,423,75.15,446.66,480038,5,161,1.3,1.3,15393,alive,MAIN;A,1,A,NA
106267,140814,151770,151770,LAEPRO,423,78.76,449.89,480042,5,140,1.3,1.3,15393,alive,MAIN;A,1,A,NA
106542,141106,152199,152199,FAROCC,322,56.27,423.28,480176,5,15.2,1.3,1.3,15364,alive,MAIN;A;ST,1,A,NA
108218,142862,154232,154232,PSYBRA,521,97.89,415.01,480469,5,20.3,1.35,1.33,15366,alive,MAIN;A,2,A,NA
108243,142889,154270,154270,PSYBRA,521,96.8,413.98,480479,5,NA,NA,NA,15366,stem dead,MAIN;A;LS;DP;ST,1,A,NA
108407,143073,154530,154530,PSYBRA,621,114.33,414.05,480529,5,16,1.3,1.3,15369,alive,MAIN;A;C,2,A,NA
108566,143281,154755,154755,CASARB,721,122.64,411.74,480601,5,70,1.3,1.3,15369,alive,MAIN;A,1,A,NA
108581,143296,154770,154770,CASARB,721,124.64,415.92,480607,5,36,1.3,1.3,15369,alive,MAIN;A,1,A,NA
108583,143300,154774,154774,CASARB,721,121,418.66,480608,5,47.5,1.3,1.3,15369,alive,MAIN;A,1,A,NA
108804,143556,155103,155103,PSYBER,1220,235.86,399.86,480715,5,62,1.3,1.3,15383,alive,MAIN;A,1,A,NA
109249,144032,155846,155847,PIPBLA,324,59.4,470,480941,5,15.4,1.3,1.3,15386,alive,SPROUT;A,2,A,NA
109253,144037,155852,155852,FAROCC,324,59.36,461.52,480944,5,20,1.3,1.3,15386,alive,MAIN;A;C,2,A,NA
109378,144179,156082,156082,CASARB,622,100.9,438.54,480998,5,52,1.3,1.3,15370,alive,MAIN;A,1,A,NA
109484,144300,156315,156315,PREMON,722,133.65,427.8,481060,5,135,1.45,1.45,15371,alive,MAIN;A,1,A,NA
109650,144499,156655,156655,CASARB,822,158.2,434.1,481161,5,83,1.3,1.3,15376,alive,MAIN;A,1,A,NA
109725,144578,156803,156803,PSYBRA,922,162.38,435.2,481189,5,NA,NA,NA,15376,broken below,MAIN;A;LS;B,1,A,NA
109837,144711,157015,157015,CASARB,821,140.62,402.82,481237,5,92,1.3,1.3,15370,alive,MAIN;A,1,A,NA
110123,145046,157540,157540,BYRSPI,1021,183.45,410.93,481381,5,17,1.3,1.3,15376,alive,MAIN;A,1,A,NA
110491,145429,158054,158054,OCOLEU,1022,182.22,436.19,481433,5,NA,NA,NA,15377,broken below,MAIN;A;LS;B,1,A,NA
110710,145682,158414,158414,CORBOR,1122,203.43,423.3,481535,5,NA,NA,NA,15378,broken below,MAIN;A;LS;B,1,A,NA
111071,146111,158904,158904,CASARB,1222,220.51,427.31,481727,5,35,1.3,1.3,15380,alive,MAIN;A;ST,1,A,NA
111858,146977,159950,159950,MYRDEF,1321,252.33,409.86,482007,5,30.5,1.3,1.3,15378,alive,MAIN;A,1,A,NA
112390,147574,160836,160836,CASARB,923,171.16,459.1,482262,5,25.5,1.3,1.3,15404,alive,MAIN;A,1,A,NA
112408,147593,160872,160872,MYRDEF,923,177.62,453.83,482270,5,12.9,1.3,1.3,15404,alive,MAIN;A,1,A,NA
112514,147708,161052,161052,CASARB,524,95.65,473.48,482331,5,17.9,1.3,1.3,15391,alive,MAIN;A,1,A,NA
112643,147844,161244,161244,PSYBRA,724,126.45,474.1,482365,5,15.6,1.3,1.3,15392,alive,MAIN;A,1,A,NA
112757,147970,161439,161439,INGLAU,724,139.1,473.69,482398,5,20.4,1.3,1.3,15394,alive,MAIN;A,1,A,NA
112831,148078,161567,161567,PSYBRA,824,142.74,467.37,482450,5,NA,NA,NA,15394,stem dead,MAIN;A;LS;DP;ST,3,A,NA
113017,148304,161874,161874,CASARB,924,164.88,461.62,482514,5,18.7,1.3,1.3,15397,alive,MAIN;A,1,A,NA
113151,148454,162065,162065,SCHMOR,1222,233.11,428,482563,5,81,1.3,1.3,15380,alive,MAIN;A,1,A,NA
113284,148606,162248,162248,MICPRA,1322,241.61,434.81,482597,5,19.6,1.25,1.25,15383,alive,MAIN;A,1,A,NA
114364,149780,163944,163944,SLOBER,1025,198.75,485.71,482908,5,22.5,1.3,1.32,15405,alive,MAIN;A,1,A,NA
114588,150024,164253,164253,CECSCH,1023,198.01,444.36,482976,5,124,1.3,1.3,15404,alive,MAIN;A,1,A,NA
115081,150531,164893,164893,CASARB,1423,262.2,457.36,483078,5,18.5,1.3,1.3,15387,alive,MAIN;A,1,A,NA
115310,150789,165286,165286,MANBID,225,23.96,496.57,483175,5,14.6,1.3,1.3,15392,alive,MAIN;A,1,A,NA
115493,150986,165659,165659,GUTCAR,625,101.84,483.1,483284,5,21.2,1.3,1.3,15399,alive,MAIN;A,1,A,NA
115540,151035,165723,165723,MANBID,625,112.38,494.57,483301,5,21.6,1.3,1.28,15399,alive,MAIN;A,1,A,NA
115545,151041,165730,165730,PSYBER,625,111.77,497.57,483304,5,34,1.3,1.3,15399,alive,MAIN;A,1,A,NA
115564,151065,165758,165758,MICPRA,625,115.46,484.36,483315,5,25.8,1.3,1.3,15399,alive,MAIN;A,2,A,NA
116037,151564,166437,166437,SCHMOR,1124,216.04,478,483408,5,39.5,1.3,1.3,15398,alive,MAIN;A,1,A,NA
117015,152592,168089,168089,SLOBER,1125,219.79,496.23,483743,5,12.5,1.3,1.3,15406,alive,MAIN;A,1,A,NA
117170,152758,168285,168285,MICIMP,1225,230.96,498.24,483786,5,17.8,1.35,1.37,15406,alive,MAIN;A,1,A,NA
117690,153302,169425,169425,CASARB,1524,294.21,471.68,484108,5,NA,NA,NA,15387,broken below,MAIN;A;LS;B,1,A,NA
117754,153370,169514,169514,PSYBRA,1624,306.9,471.76,484146,5,21.2,1.3,1.31,15384,alive,MAIN;A,1,A,NA
117759,153375,169519,169519,PSYBER,1624,308.92,470.39,484147,5,46.7,1.3,1.3,15384,alive,MAIN;A,1,A,NA
117787,153407,169558,169558,PSYBRA,1624,307.06,463.98,484168,5,18.5,1.3,1.3,15384,alive,MAIN;A,1,A,NA
117840,153469,18463,18463,PREMON,602,110.26,35.73,445175,5,141,1.2,1.2,15147,alive,MAIN;A,1,A,NA
117859,153488,19853,19853,PREMON,302,59.03,27.52,446096,5,162,1.3,1.3,15142,alive,MAIN;A,1,A,NA
117943,153572,26128,26128,PREMON,209,35.46,170.47,448608,5,169,1.3,1.3,15247,alive,MAIN;A,1,A,NA
118000,153629,28564,28564,PREMON,107,19.83,123.24,449537,5,145,1.3,1.3,15205,alive,MAIN;A,1,A,NA
118014,153643,28814,28814,PREMON,107,7.63,135.58,449630,5,165,1.3,1.3,15205,alive,MAIN;A,1,A,NA
118074,153703,33315,33315,PREMON,710,139.01,194.83,451050,5,128,1.3,1.3,15254,alive,MAIN;A,1,A,NA
118097,153726,3447,3447,PREMON,1102,202.28,23.6,436250,5,140,1.3,1.3,15152,alive,MAIN;A,1,A,NA
118112,153741,35056,35056,PREMON,410,62.16,189.82,451299,5,127,1.3,1.3,15247,alive,MAIN;A,1,A,NA
118173,153802,36285,36285,PREMON,1609,313.67,160.76,451684,5,155,1.3,1.3,15278,alive,MAIN;A,1,A,NA
118184,153813,36453,36453,PREMON,311,51.31,211.42,451718,5,112,1.3,1.3,15247,alive,MAIN;A,1,A,NA
118200,153829,36630,36630,PREMON,913,169.02,259.89,451763,5,104,1.3,1.3,15292,alive,MAIN;A,1,A,NA
118259,153888,38008,38008,PREMON,715,130.13,288.87,452073,5,138,1.3,1.3,15294,alive,MAIN;A,1,A,NA
118279,153908,38550,38550,PREMON,317,51.94,339.89,452209,5,129,1.25,1.27,15309,alive,MAIN;A,1,A,NA
118349,153979,40155,40155,PREMON,1110,212.45,184.65,452507,5,117,1.3,1.3,15265,alive,MAIN;A,1,A,NA
118362,153992,40426,40426,PREMON,601,104.39,10.23,452620,5,121,1.3,1.3,15148,alive,MAIN;A,1,A,NA
118415,154045,44189,44189,PREMON,205,37.2,85.26,453711,5,158,1.3,1.3,15190,alive,MAIN;A,1,A,NA
118421,154051,44268,44268,PREMON,904,169.42,69.77,453737,5,132,1.3,1.3,15174,alive,MAIN;A,1,A,NA
118537,154167,49277,49277,PREMON,914,165.46,268.05,455003,5,142,1.35,1.33,15292,alive,MAIN;A,1,A,NA
118580,154210,50448,50448,PREMON,1610,317.51,181.6,455375,5,146,1.15,1.13,15275,alive,MAIN;A,1,A,NA
118618,154248,50966,50966,PREMON,1201,232.69,9.76,455551,5,133,1.3,1.3,15155,alive,MAIN;A,1,A,NA
118650,154280,51473,51473,PREMON,1314,240.33,277.34,455721,5,140,1.3,1.3,15296,alive,MAIN;A,1,A,NA
118683,154313,52159,52159,PREMON,1510,298.05,199.58,455902,5,120,1.3,1.3,15275,alive,MAIN;A,1,A,NA
118716,154346,52913,52913,PREMON,112,11.31,238.08,456113,5,180,1.2,1.2,15245,alive,MAIN;A,1,A,NA
118783,154413,56145,56145,PREMON,608,104.33,157.6,456900,5,142,1.4,1.38,15212,alive,MAIN;A,1,A,NA
118901,154531,62482,62482,PREMON,1113,201.58,258.09,458430,5,106,1.3,1.3,15293,alive,MAIN;A,1,A,NA
118903,154533,62540,62540,PREMON,1113,200.8,247.44,458439,5,183,1.3,1.3,15293,alive,MAIN;A,1,A,NA
118952,154582,64715,64715,PREMON,1615,307.24,286.55,458996,5,120,1.3,1.3,15309,alive,MAIN;A,1,A,NA
119019,154649,70028,70028,PREMON,814,155.1,266.2,460252,5,150,1.3,1.3,15292,alive,MAIN;A,1,A,NA
119069,154699,72254,72254,PREMON,115,2.8,283.25,461148,5,182,1.3,1.3,15281,alive,MAIN;A,1,A,NA
119168,154798,78698,78698,PREMON,1117,219.97,328.25,462824,5,157,1.3,1.3,15358,alive,MAIN;A,1,A,NA
119214,154844,83610,83610,PREMON,1617,316.61,322.29,463606,5,122,1.3,1.3,15363,alive,MAIN;A,1,A,NA
119357,154987,94117,94117,PREMON,319,53.97,368.34,465273,5,120,1.3,1.3,15310,alive,MAIN;A,1,A,NA
119358,154988,94130,94130,PREMON,319,51.57,362.1,465277,5,130,1.3,1.28,15310,alive,MAIN;A,1,A,NA
119380,155010,95255,95255,PREMON,218,24.44,341.47,465653,5,130,1.3,1.3,15309,alive,MAIN;A,1,A,NA
119463,155094,98196,98196,PREMON,1021,196.76,412.97,466220,5,146,1.3,1.3,15376,alive,MAIN;A,1,A,NA
119497,156605,102856,102856,PREMON,620,103.96,398.39,467180,5,95,1.3,1.3,15371,alive,MAIN;A,1,A,NA
119556,156664,12113,12113,PREMON,314,51.11,271.39,441132,5,155,1.4,1.4,15282,alive,MAIN;A,1,A,NA
119558,156666,121194,121194,PREMON,624,105.03,467.08,471405,5,125,1.3,1.3,15392,alive,MAIN;A,1,A,NA
119564,156672,12411,12411,PREMON,1114,204.84,262.13,441368,5,179,1.25,1.25,15293,alive,MAIN;A,1,A,NA
119626,156734,127858,127858,PREMON,523,82.88,442.32,473155,5,104,1.3,1.3,15393,alive,MAIN;A,1,A,NA
119782,156890,131921,131921,PREMON,306,53.83,110.93,474344,5,142,1.5,1.5,15190,alive,MAIN;A,1,A,NA
119791,156899,132075,132075,PREMON,203,32.89,43.85,474424,5,116,1.3,1.3,15163,alive,MAIN;A,1,A,NA
119813,156921,132566,132566,PREMON,309,51.06,176.75,474594,5,112,1.3,1.3,15247,alive,MAIN;A,1,A,NA
119942,157050,136205,136205,PREMON,1108,202.32,148.06,475660,5,154,1.3,1.3,15239,alive,MAIN;A,1,A,NA
120004,157112,137652,137652,PREMON,812,143.64,236.21,476249,5,160,1.3,1.3,15266,alive,MAIN;A,1,A,NA
120009,157117,137733,137733,PREMON,912,177.54,238.31,476271,5,120,1.3,1.3,15273,alive,MAIN;A;NP,1,A,NA
120049,157157,138676,138676,PREMON,814,157.59,263.59,476616,5,112,1.3,1.3,15292,alive,MAIN;A,1,A,NA
120071,157179,139016,139016,PREMON,1511,298.37,204.52,476734,5,167,1.3,1.3,15279,alive,MAIN;A,1,A,NA
120135,157243,140654,140654,PREMON,716,139.67,310.67,477288,5,113,1.3,1.3,15294,alive,MAIN;A,1,A,NA
120192,157300,142704,142704,PREMON,817,153.38,327.18,477883,5,114,1.3,1.3,15315,alive,MAIN;A,1,A,NA
120221,157329,144119,144119,PREMON,1516,297.14,310.49,478212,5,107,1.3,1.3,15310,alive,MAIN;A,1,A,NA
120232,157340,144415,144415,PREMON,320,43.84,396.82,478341,5,135,1.3,1.3,15366,alive,MAIN;A,1,A,NA
120298,157406,148186,148186,PREMON,1118,214.53,342.35,479236,5,120,1.3,1.3,15357,alive,MAIN;A,1,A,NA
120314,157422,151186,151186,PREMON,1518,290.76,347.74,479890,5,156,1.3,1.3,15359,alive,MAIN;A,1,A,NA
120375,157483,156284,156284,PREMON,722,127.59,420.82,481053,5,138,1.3,1.3,15371,alive,MAIN;A,1,A,NA
120451,157559,165284,165284,PREMON,225,23.05,498.56,483174,5,126,1.3,1.3,15392,alive,MAIN;A,1,A,NA
120458,157566,165698,165698,PREMON,625,106.01,489.42,483298,5,113,1.3,1.32,15399,alive,MAIN;A,1,A,NA
120539,157651,167778,167778,CASARB,1401,276.36,15.98,483619,5,NA,NA,NA,15161,broken below,MAIN;A;LS;B,1,A,NA
120667,157783,168673,168673,SLOBER,305,48.95,93.53,483874,5,14,1.3,1.3,15190,alive,MAIN;A,1,A,NA
120711,157828,168752,168752,ARDGLA,1605,315.36,91.56,483919,5,25.9,1.3,1.3,15202,alive,MAIN;A,2,A,NA
120733,157853,168796,168796,MANBID,1108,217.49,145.09,483944,5,14.5,1.3,1.3,15239,alive,MAIN;A,1,A,NA
120782,157907,168882,168882,MICTET,713,133.49,253.2,483998,5,16.6,1.3,1.3,15287,alive,MAIN;A,1,A,NA
120783,157908,168883,168883,CASARB,713,133.66,252.81,483999,5,46.5,1.3,1.3,15287,alive,MAIN;A,1,A,NA
120875,158001,169597,169597,OCOLEU,302,58.3,36.5,484196,5,NA,NA,NA,15142,broken below,MAIN;A;LS;B,1,A,NA
120910,158036,169689,169689,SLOBER,1202,234.12,26.68,484238,5,10,1.3,1.3,15153,alive,MAIN;A,1,A,NA
120999,158126,169859,169859,OCOLEU,708,134.7,149.18,484332,5,14.1,1.3,1.3,15215,alive,MAIN;A;ST,1,A,NA
121145,158283,170180,170180,CORBOR,907,178.88,124.9,484489,5,10.7,1.3,1.3,15239,alive,MAIN;A,1,A,NA
121155,158293,170198,170198,MICPRA,1007,186.22,131.75,484499,5,12.2,1.3,1.3,15238,alive,MAIN;A,1,A,NA
121159,158297,170205,170205,MANBID,1007,198.01,130.74,484503,5,15,1.3,1.3,15239,alive,MAIN;A,1,A,NA
121166,158305,170216,170216,SLOBER,1107,207.67,133.38,484511,5,14.7,1.3,1.3,15239,alive,MAIN;A,1,A,NA
121248,158391,170369,170369,OCOLEU,910,163.25,199.08,484597,5,28.6,1.3,1.3,15261,alive,MAIN;A,1,A,NA
121329,158479,170516,170516,SLOBER,204,35.45,66.22,484685,5,11.2,1.3,1.3,15167,alive,MAIN;A,1,A,NA
121424,158579,170701,170701,CASSYL,811,145.93,217.68,484785,5,20.2,1.3,1.3,15254,alive,MAIN;A,1,A,NA
121425,158580,170705,170705,CLUROS,811,146.91,213.43,484786,5,42.5,1.3,1.3,15257,alive,MAIN;A,5,A,NA
121428,161265,170713,175013,DENARB,811,148.9,208.21,486953,5,14.4,1.3,1.3,15257,alive,SPROUT;A,4,A,NA
121440,158602,170760,170760,CASSYL,1011,198.97,209.84,484808,5,15.2,1.3,1.32,15266,alive,MAIN;A,1,A,NA
121485,158652,170846,170846,TETBAL,416,79.4,317.58,484858,5,16,1.3,1.3,15289,alive,MAIN;A,1,A,NA
121560,158729,171033,171033,INGLAU,509,91.2,164.2,484935,5,17.7,1.3,1.28,15250,alive,MAIN;A,1,A,NA
121578,158747,171061,171061,IXOFER,809,140.86,163.59,484953,5,27.8,1.1,1.08,15253,alive,MAIN;A,1,A,NA
121642,158814,171183,171183,MICPRA,215,22.4,292.74,485020,5,15.9,1.3,1.3,15281,alive,MAIN;A,1,A,NA
121668,158849,171241,171241,CASSYL,215,36.13,292.47,485055,5,36.5,1.3,1.3,15288,alive,MAIN;A,1,A,NA
121689,158871,171277,171277,INGLAU,515,84.17,285.45,485077,5,13.4,1.3,1.3,15292,alive,MAIN;A,1,A,NA
121763,158946,171442,171442,SLOBER,120,8.82,390.62,485152,5,10.9,1.3,1.3,15365,alive,MAIN;A,1,A,NA
121805,158989,171505,171505,COCPYR,214,21.08,260.3,485195,5,16,1.3,1.3,15281,alive,MAIN;A,3,A,NA
121827,159012,171544,171544,INGLAU,414,75.43,279.8,485218,5,14.7,1.3,1.3,15282,alive,MAIN;A,1,A,NA
121861,159047,171614,171614,CASSYL,1214,229.77,275.99,485253,5,13.2,1.3,1.3,15295,alive,MAIN;A,2,A,NA
121903,159089,171710,171710,CASARB,218,32.88,344.74,485295,5,14.5,1.3,1.3,15309,alive,MAIN;A,1,A,NA
121953,159139,171809,171809,PSYBRA,1318,246.9,354.2,485345,5,14,1.3,1.3,15358,alive,MAIN;A,1,A,NA
121979,159167,171867,171867,CASARB,323,59.75,459.5,485373,5,NA,NA,NA,15386,broken below,MAIN;A;LS;B,1,A,NA
122058,159251,172028,172028,MANBID,317,44.45,324.57,485458,5,11.5,1.3,1.3,15309,alive,MAIN;A,1,A,NA
122137,159334,172194,172194,CASARB,1317,259.84,325.01,485541,5,11.8,1.3,1.3,15362,alive,MAIN;A,1,A,NA
122148,159345,172223,172223,CASARB,1617,314.31,333.55,485552,5,13.4,1.3,1.3,15364,alive,MAIN;A,1,A,NA
122338,159539,172583,172583,CASARB,1019,187.6,363.8,485746,5,13.4,1.35,1.34,15357,alive,MAIN;A,1,A,NA
122351,159552,172604,172604,PSYBRA,1119,216.6,367.7,485759,5,NA,NA,NA,15358,broken below,MAIN;A;LS;B,1,A,NA
122363,159566,172625,172625,MANBID,1219,235.5,366.2,485773,5,13.5,1.3,1.3,15358,alive,MAIN;A,1,A,NA
122373,159576,172646,172646,PSESPU,222,39.35,429.7,485783,5,11.8,1.3,1.3,15364,alive,MAIN;A,1,A,NA
122402,159607,172709,172709,MANBID,922,168.7,425.5,485814,5,19.3,1.3,1.3,15376,alive,MAIN;A,1,A,NA
122480,159687,173017,173017,PSYBRA,620,101.4,395.9,485894,5,NA,NA,NA,15371,broken below,MAIN;A;LS;B,1,A,NA
122497,159705,173055,173055,PALRIP,920,164,395.3,485912,5,20.6,1.3,1.3,15377,alive,MAIN;A,1,A,NA
122564,159774,173178,173178,INGLAU,824,143.3,470.25,485981,5,23.4,1.3,1.3,15394,alive,MAIN;A,1,A,NA
122565,159775,173179,173179,PSYBRA,824,140.35,472.65,485982,5,14.5,1.3,1.3,15394,alive,MAIN;A,1,A,NA
122625,159837,174124,174124,PREMON,810,140.55,183.53,486044,5,143,1.3,1.3,15254,alive,MAIN;A,1,A,NA
122643,159855,24629,24629,PREMON,1505,288.45,99.13,448134,5,97,1.3,1.3,15201,alive,MAIN;A;NP,1,A,NA
122727,159939,35588,35588,PREMON,905,171.82,95.2,451464,5,105,1.3,1.3,15196,alive,MAIN;A,1,A,NA
122733,159945,35797,35797,PREMON,1107,203.55,134.55,451533,5,142,1.3,1.3,15239,alive,MAIN;A,1,A,NA
122746,159958,36286,36286,PREMON,1609,311.96,166.02,451685,5,95,1.3,1.3,15278,alive,MAIN;A,1,A,NA
122795,160007,38415,38415,PREMON,517,93.02,320.38,452173,5,88,1.25,1.25,15313,alive,MAIN;A,1,A,NA
122801,160013,38574,38574,PREMON,1017,184.52,324.3,452214,5,99,1.3,1.3,15356,alive,MAIN;A,1,A,NA
122888,160100,44769,44769,PREMON,806,140.65,101.97,453883,5,99,1.3,1.3,15195,alive,MAIN;A,1,A,NA
122973,160185,52069,52069,PREMON,1411,273.17,216.19,455874,5,143,1.3,1.3,15278,alive,MAIN;A,1,A,NA
122991,160203,55575,55575,PREMON,311,44.78,206.88,456756,5,83,1.3,1.3,15247,alive,MAIN;A,1,A,NA
123134,160346,98106,98106,PREMON,1121,204.72,415.85,466196,5,112,1.3,1.3,15376,alive,MAIN;A,1,A,NA
123231,161385,129890,129890,PREMON,501,94.18,15.76,487073,5,95,1.3,1.3,15147,alive,MAIN;A;NP,1,A,NA
123259,161413,130465,130465,PREMON,305,54.85,83.72,487101,5,123,1.3,1.3,15190,alive,MAIN;A;NP,1,A,NA
123330,161484,132270,132270,PREMON,903,170.52,52.09,487172,5,76,1.3,1.3,15173,alive,MAIN;A;NP,1,A,NA
123402,161556,133612,133612,PREMON,807,148.81,137.63,487244,5,91,1.3,1.3,15215,alive,MAIN;A;NP,1,A,NA
123483,161637,136696,136696,PREMON,415,60.24,295.93,487325,5,103,1.3,1.3,15288,alive,MAIN;A;NP,1,A,NA
123547,161701,138598,138598,PREMON,614,116.78,276.68,487389,5,82,1.3,1.3,15287,alive,MAIN;A;NP,1,A,NA
123569,161723,139292,139292,PREMON,813,151.62,249.27,487411,5,95,1.3,1.3,15292,alive,MAIN;A;NP,1,A,NA
123627,161781,141384,141384,PREMON,1215,228.1,286.35,487469,5,135,1.3,1.3,15306,alive,MAIN;A;NP,1,A,NA
123783,161937,156318,156318,PREMON,722,134.47,433.17,487625,5,170,1.3,1.3,15371,alive,MAIN;A,1,A,NA
123793,161947,159538,159538,PREMON,1221,226.7,400.31,487635,5,68,1.3,1.3,15377,alive,MAIN;A;NP,1,A,NA
123844,161998,165835,165835,PREMON,725,133.85,495.99,487686,5,100,1.2,1.2,15401,alive,MAIN;A;NP,1,A,NA
123855,162009,167641,167641,PREMON,101,8.93,16.08,487697,5,96,1.3,1.3,15139,alive,MAIN;A;NP,1,A,NA
123966,162120,170876,170876,PREMON,716,134.92,310.07,487808,5,96,1.3,1.3,15293,alive,MAIN;A;NP,1,A,NA
124059,162213,172951,172951,SCHMOR,1301,256.75,18.5,487901,5,14.5,1.3,1.3,15160,alive,MAIN;A,1,A,NA
124110,162264,173301,173301,TETBAL,102,2.3,30.09,487952,5,10.5,1.3,1.3,15139,alive,MAIN;A,1,A,NA
124205,162362,173558,173558,EUGSTA,1303,240.07,49.92,488050,5,13.7,1.3,1.3,15180,alive,MAIN;A,1,A,NA
124300,162460,173749,173749,MYRDEF,1107,209.72,135.98,488148,5,18.9,1.3,1.3,15239,alive,MAIN;A,1,A,NA
124303,162463,173752,173752,SLOBER,1107,207.19,121.28,488151,5,11.5,1.3,1.3,15239,alive,MAIN;A,1,A,NA
124309,162469,173763,173763,INGLAU,1507,282.45,137.9,488157,5,18.6,1.3,1.3,15243,alive,MAIN;A,1,A,NA
124312,162473,173780,173780,SLOBER,510,80.16,180.2,488161,5,43.9,1.3,1.3,15250,alive,MAIN;A,1,A,NA
124361,162526,173871,173871,CASSYL,809,151.04,178.96,488214,5,29.2,1.3,1.3,15253,alive,MAIN;A,1,A,NA
124407,162573,173977,173977,SLOBER,1412,274.72,237.93,488261,5,12.1,1.3,1.3,15279,alive,MAIN;A,1,A,NA
124416,162582,173991,173991,ORMKRU,1612,303.77,232.06,488270,5,10.4,1.3,1.3,15282,alive,MAIN;A,1,A,NA
124445,162613,174053,174054,CASARB,811,144.83,216.34,488301,5,12,1.3,1.3,15254,alive,SPROUT;A,2,A,NA
124510,162686,174198,174198,MYRDEF,1510,286.42,188.3,488374,5,10.2,1.3,1.3,15274,alive,MAIN;A,1,A,NA
124522,162698,174224,174224,CASSYL,1411,279.02,209.98,488386,5,13.1,1.3,1.3,15278,alive,MAIN;A,1,A,NA
124597,162778,174363,174363,CASARB,713,133.75,253.73,488466,5,11.1,1.3,1.3,15287,alive,MAIN;A,1,A,NA
124607,162788,174385,174385,MYRSPL,1113,206.01,246.01,488476,5,16.4,1.3,1.3,15293,alive,MAIN;A,1,A,NA
124627,162808,174429,174429,CASARB,314,54.07,265.14,488496,5,17,1.3,1.32,15282,alive,MAIN;A,1,A,NA
124677,162861,174528,174528,SLOBER,516,82.06,308.61,488549,5,11.2,1.3,1.32,15289,alive,MAIN;A,1,A,NA
124726,162911,174673,174673,PSYBER,1515,284.74,282.63,488599,5,14.3,1.3,1.3,15308,alive,MAIN;A,1,A,NA
124778,162963,174785,174785,CASARB,1017,193.36,324.08,488651,5,11.8,1.3,1.3,15357,alive,MAIN;A,1,A,NA
124890,163076,175041,175041,PIPBLA,719,132.66,360.4,488764,5,10.8,1.3,1.3,15317,alive,MAIN;A,1,A,NA
124974,163170,175189,175189,CASARB,721,125.97,400.61,488858,5,14,1.3,1.3,15370,alive,MAIN;A,1,A,NA
125010,163207,175255,175255,CASARB,1517,298.01,321,488895,5,11.7,1.3,1.3,15363,alive,MAIN;A,1,A,NA
125023,163221,175287,175287,CLUROS,520,84.72,393.05,488909,5,109,1.3,1.3,15371,alive,MAIN;A,1,A,NA
125038,163236,175335,175335,CASSYL,822,152.55,425.55,488924,5,14.5,1.3,1.3,15373,alive,MAIN;A,1,A,NA
125109,163308,175453,175453,PSYBER,1221,236.41,419.78,488996,5,12.7,1.3,1.3,15377,alive,MAIN;A,1,A,NA
125119,163318,175486,175486,MICRAC,1321,246.99,405.09,489006,5,10.4,1.3,1.3,15378,alive,MAIN;A,1,A,NA
125126,163325,175508,175508,OCOLEU,820,140.03,381.01,489013,5,10.3,1.3,1.3,15376,alive,MAIN;A,1,A,NA
125173,163373,175627,175627,MANBID,424,60.74,470.99,489061,5,16.1,1.3,1.3,15391,alive,MAIN;A,1,A,NA
125215,163417,175728,175728,PSYBER,1222,238.17,421.58,489105,5,12.9,1.3,1.3,15383,alive,MAIN;A,1,A,NA
125239,163441,175783,175783,MICIMP,1622,302.48,435.6,489129,5,12,1.3,1.3,15386,alive,MAIN;A,1,A,NA
125284,163493,175926,175926,MANBID,1323,257.75,453.43,489181,5,12.5,1.3,1.3,15405,alive,MAIN;A,1,A,NA
125301,163510,27333,27333,PREMON,605,116.05,97.65,489198,5,77,1.3,1.3,15191,alive,MAIN;A;NP,1,A,NA
125426,163635,79800,79800,PREMON,1217,232.16,333.57,489323,5,63,1.25,1.25,15358,alive,MAIN;A;NP,1,A,NA
125472,NA,10669,NA,PREMON,612,105.1,236.09,NA,NA,NA,NA,NA,NA,NA,NA,NA,M,NA
125507,NA,14434,NA,PREMON,517,82.74,329.81,NA,NA,NA,NA,NA,NA,NA,NA,NA,M,NA
125513,NA,14617,NA,PREMON,1017,181.53,329.68,NA,NA,NA,NA,NA,NA,NA,NA,NA,M,NA
125564,NA,18174,NA,PREMON,823,148.22,458.41,NA,NA,NA,NA,NA,NA,NA,NA,NA,M,NA
125604,NA,130182,NA,PREMON,1301,259.31,17.83,NA,NA,NA,NA,NA,NA,NA,NA,NA,P,NA
125625,NA,135067,NA,PREMON,1607,317.87,137.62,NA,NA,NA,NA,NA,NA,NA,NA,NA,P,NA
125631,NA,137063,NA,PREMON,1110,218.73,193.1,NA,NA,NA,NA,NA,NA,NA,NA,NA,P,NA
125651,NA,145423,NA,PREMON,519,95.63,362.13,NA,NA,NA,NA,NA,NA,NA,NA,NA,P,NA
125658,NA,15449,NA,PREMON,1518,283.12,345.51,NA,NA,NA,NA,NA,NA,NA,NA,NA,P,NA
125662,NA,15799,NA,PREMON,419,65.33,361.87,NA,NA,NA,NA,NA,NA,NA,NA,NA,P,NA
125724,NA,172915,NA,PREMON,301,52.27,18.11,NA,NA,NA,NA,NA,NA,NA,NA,NA,P,NA
125807,NA,176313,NA,SLOBER,701,128.08,3.09,NA,NA,NA,NA,NA,NA,NA,NA,NA,P,NA
125885,NA,176869,NA,GUAGLA,1512,284.32,236.24,NA,NA,NA,NA,NA,NA,NA,NA,NA,P,NA
125894,NA,176903,NA,SLOBER,404,71.63,61.83,NA,NA,NA,NA,NA,NA,NA,NA,NA,P,NA
125896,NA,176910,NA,MYRLEP,504,96.8,68.19,NA,NA,NA,NA,NA,NA,NA,NA,NA,P,NA
125905,NA,176938,NA,SLOBER,608,109.23,154.38,NA,NA,NA,NA,NA,NA,NA,NA,NA,P,NA
126020,NA,177239,NA,CALCAL,1613,312.68,243.67,NA,NA,NA,NA,NA,NA,NA,NA,NA,P,NA
126083,NA,177376,NA,CASSYL,1318,245.71,347.13,NA,NA,NA,NA,NA,NA,NA,NA,NA,P,NA
126087,NA,177394,NA,CASARB,521,89.78,407.99,NA,NA,NA,NA,NA,NA,NA,NA,NA,P,NA
126116,NA,177458,NA,PSYBER,1217,239,328.51,NA,NA,NA,NA,NA,NA,NA,NA,NA,P,NA
126130,NA,177476,NA,PSYBER,1317,240.09,326.5,NA,NA,NA,NA,NA,NA,NA,NA,NA,P,NA
126144,NA,177498,NA,GUAGLA,1614,308.52,274.06,NA,NA,NA,NA,NA,NA,NA,NA,NA,P,NA
126156,NA,177514,NA,PSYBER,1316,250.23,318.6,NA,NA,NA,NA,NA,NA,NA,NA,NA,P,NA
126171,NA,177531,NA,PSYBER,1316,254.87,318.7,NA,NA,NA,NA,NA,NA,NA,NA,NA,P,NA
126179,NA,177539,NA,PSYBER,1316,257.1,319.08,NA,NA,NA,NA,NA,NA,NA,NA,NA,P,NA
126292,NA,177696,NA,PSYBER,1516,293.28,310.27,NA,NA,NA,NA,NA,NA,NA,NA,NA,P,NA
126320,NA,177729,NA,CASARB,1417,269.93,330.44,NA,NA,NA,NA,NA,NA,NA,NA,NA,P,NA
126324,NA,177733,NA,PSYBER,1417,266.22,331.84,NA,NA,NA,NA,NA,NA,NA,NA,NA,P,NA
126333,NA,177743,NA,PSYBER,1417,268.51,329.89,NA,NA,NA,NA,NA,NA,NA,NA,NA,P,NA
126399,NA,177822,NA,PSYBER,621,112.52,409.54,NA,NA,NA,NA,NA,NA,NA,NA,NA,P,NA
126409,NA,177836,NA,PSYBER,621,115.54,415.2,NA,NA,NA,NA,NA,NA,NA,NA,NA,P,NA
126424,NA,177855,NA,PIPGLA,621,119.69,408.77,NA,NA,NA,NA,NA,NA,NA,NA,NA,P,NA
126437,NA,177871,NA,PIPGLA,721,124,407.48,NA,NA,NA,NA,NA,NA,NA,NA,NA,P,NA
126490,NA,177949,NA,CASSYL,1317,252.45,331.28,NA,NA,NA,NA,NA,NA,NA,NA,NA,P,NA
126579,NA,178082,NA,CASARB,720,123.28,398.82,NA,NA,NA,NA,NA,NA,NA,NA,NA,P,NA
126600,NA,178158,NA,PSYBER,1021,184.73,404.74,NA,NA,NA,NA,NA,NA,NA,NA,NA,P,NA
126642,NA,178246,NA,PSYBER,821,143.77,402.27,NA,NA,NA,NA,NA,NA,NA,NA,NA,P,NA
126700,NA,178337,NA,PSYBER,1220,237.48,394.66,NA,NA,NA,NA,NA,NA,NA,NA,NA,P,NA
126707,NA,178345,NA,OCOLEU,1220,235.2,388.16,NA,NA,NA,NA,NA,NA,NA,NA,NA,P,NA
126803,NA,178513,NA,PSYBER,622,112.79,426,NA,NA,NA,NA,NA,NA,NA,NA,NA,P,NA
126810,NA,178523,NA,CASARB,622,117.19,434.52,NA,NA,NA,NA,NA,NA,NA,NA,NA,P,NA
126869,NA,178613,NA,CASARB,1122,210.63,420.23,NA,NA,NA,NA,NA,NA,NA,NA,NA,P,NA
126934,NA,178763,NA,MICRAC,324,47,479.81,NA,NA,NA,NA,NA,NA,NA,NA,NA,P,NA
127015,NA,179345,NA,CLUROS,1025,185.76,484.55,NA,NA,NA,NA,NA,NA,NA,NA,NA,P,NA
127017,NA,179361,NA,PSYBRA,1025,184.81,493.69,NA,NA,NA,NA,NA,NA,NA,NA,NA,P,NA
127025,NA,179417,NA,TETBAL,623,111.84,447.12,NA,NA,NA,NA,NA,NA,NA,NA,NA,P,NA
127033,NA,179463,NA,TETBAL,1023,184.31,453.59,NA,NA,NA,NA,NA,NA,NA,NA,NA,P,NA
